Date_Key,Date,Day,Month,Quarter,Year,Week_Number,Financial_Year
1,2020-01-01,1,1,1,2020,1,FY2020
2,2020-01-02,2,1,1,2020,1,FY2020
3,2020-01-03,3,1,1,2020,1,FY2020
4,2020-01-04,4,1,1,2020,1,FY2020
5,2020-01-05,5,1,1,2020,1,FY2020
6,2020-01-06,6,1,1,2020,2,FY2020
7,2020-01-07,7,1,1,2020,2,FY2020
8,2020-01-08,8,1,1,2020,2,FY2020
9,2020-01-09,9,1,1,2020,2,FY2020
10,2020-01-10,10,1,1,2020,2,FY2020
11,2020-01-11,11,1,1,2020,2,FY2020
12,2020-01-12,12,1,1,2020,2,FY2020
13,2020-01-13,13,1,1,2020,3,FY2020
14,2020-01-14,14,1,1,2020,3,FY2020
15,2020-01-15,15,1,1,2020,3,FY2020
16,2020-01-16,16,1,1,2020,3,FY2020
17,2020-01-17,17,1,1,2020,3,FY2020
18,2020-01-18,18,1,1,2020,3,FY2020
19,2020-01-19,19,1,1,2020,3,FY2020
20,2020-01-20,20,1,1,2020,4,FY2020
21,2020-01-21,21,1,1,2020,4,FY2020
22,2020-01-22,22,1,1,2020,4,FY2020
23,2020-01-23,23,1,1,2020,4,FY2020
24,2020-01-24,24,1,1,2020,4,FY2020
25,2020-01-25,25,1,1,2020,4,FY2020
26,2020-01-26,26,1,1,2020,4,FY2020
27,2020-01-27,27,1,1,2020,5,FY2020
28,2020-01-28,28,1,1,2020,5,FY2020
29,2020-01-29,29,1,1,2020,5,FY2020
30,2020-01-30,30,1,1,2020,5,FY2020
31,2020-01-31,31,1,1,2020,5,FY2020
32,2020-02-01,1,2,1,2020,5,FY2020
33,2020-02-02,2,2,1,2020,5,FY2020
34,2020-02-03,3,2,1,2020,6,FY2020
35,2020-02-04,4,2,1,2020,6,FY2020
36,2020-02-05,5,2,1,2020,6,FY2020
37,2020-02-06,6,2,1,2020,6,FY2020
38,2020-02-07,7,2,1,2020,6,FY2020
39,2020-02-08,8,2,1,2020,6,FY2020
40,2020-02-09,9,2,1,2020,6,FY2020
41,2020-02-10,10,2,1,2020,7,FY2020
42,2020-02-11,11,2,1,2020,7,FY2020
43,2020-02-12,12,2,1,2020,7,FY2020
44,2020-02-13,13,2,1,2020,7,FY2020
45,2020-02-14,14,2,1,2020,7,FY2020
46,2020-02-15,15,2,1,2020,7,FY2020
47,2020-02-16,16,2,1,2020,7,FY2020
48,2020-02-17,17,2,1,2020,8,FY2020
49,2020-02-18,18,2,1,2020,8,FY2020
50,2020-02-19,19,2,1,2020,8,FY2020
51,2020-02-20,20,2,1,2020,8,FY2020
52,2020-02-21,21,2,1,2020,8,FY2020
53,2020-02-22,22,2,1,2020,8,FY2020
54,2020-02-23,23,2,1,2020,8,FY2020
55,2020-02-24,24,2,1,2020,9,FY2020
56,2020-02-25,25,2,1,2020,9,FY2020
57,2020-02-26,26,2,1,2020,9,FY2020
58,2020-02-27,27,2,1,2020,9,FY2020
59,2020-02-28,28,2,1,2020,9,FY2020
60,2020-02-29,29,2,1,2020,9,FY2020
61,2020-03-01,1,3,1,2020,9,FY2020
62,2020-03-02,2,3,1,2020,10,FY2020
63,2020-03-03,3,3,1,2020,10,FY2020
64,2020-03-04,4,3,1,2020,10,FY2020
65,2020-03-05,5,3,1,2020,10,FY2020
66,2020-03-06,6,3,1,2020,10,FY2020
67,2020-03-07,7,3,1,2020,10,FY2020
68,2020-03-08,8,3,1,2020,10,FY2020
69,2020-03-09,9,3,1,2020,11,FY2020
70,2020-03-10,10,3,1,2020,11,FY2020
71,2020-03-11,11,3,1,2020,11,FY2020
72,2020-03-12,12,3,1,2020,11,FY2020
73,2020-03-13,13,3,1,2020,11,FY2020
74,2020-03-14,14,3,1,2020,11,FY2020
75,2020-03-15,15,3,1,2020,11,FY2020
76,2020-03-16,16,3,1,2020,12,FY2020
77,2020-03-17,17,3,1,2020,12,FY2020
78,2020-03-18,18,3,1,2020,12,FY2020
79,2020-03-19,19,3,1,2020,12,FY2020
80,2020-03-20,20,3,1,2020,12,FY2020
81,2020-03-21,21,3,1,2020,12,FY2020
82,2020-03-22,22,3,1,2020,12,FY2020
83,2020-03-23,23,3,1,2020,13,FY2020
84,2020-03-24,24,3,1,2020,13,FY2020
85,2020-03-25,25,3,1,2020,13,FY2020
86,2020-03-26,26,3,1,2020,13,FY2020
87,2020-03-27,27,3,1,2020,13,FY2020
88,2020-03-28,28,3,1,2020,13,FY2020
89,2020-03-29,29,3,1,2020,13,FY2020
90,2020-03-30,30,3,1,2020,14,FY2020
91,2020-03-31,31,3,1,2020,14,FY2020
92,2020-04-01,1,4,2,2020,14,FY2021
93,2020-04-02,2,4,2,2020,14,FY2021
94,2020-04-03,3,4,2,2020,14,FY2021
95,2020-04-04,4,4,2,2020,14,FY2021
96,2020-04-05,5,4,2,2020,14,FY2021
97,2020-04-06,6,4,2,2020,15,FY2021
98,2020-04-07,7,4,2,2020,15,FY2021
99,2020-04-08,8,4,2,2020,15,FY2021
100,2020-04-09,9,4,2,2020,15,FY2021
101,2020-04-10,10,4,2,2020,15,FY2021
102,2020-04-11,11,4,2,2020,15,FY2021
103,2020-04-12,12,4,2,2020,15,FY2021
104,2020-04-13,13,4,2,2020,16,FY2021
105,2020-04-14,14,4,2,2020,16,FY2021
106,2020-04-15,15,4,2,2020,16,FY2021
107,2020-04-16,16,4,2,2020,16,FY2021
108,2020-04-17,17,4,2,2020,16,FY2021
109,2020-04-18,18,4,2,2020,16,FY2021
110,2020-04-19,19,4,2,2020,16,FY2021
111,2020-04-20,20,4,2,2020,17,FY2021
112,2020-04-21,21,4,2,2020,17,FY2021
113,2020-04-22,22,4,2,2020,17,FY2021
114,2020-04-23,23,4,2,2020,17,FY2021
115,2020-04-24,24,4,2,2020,17,FY2021
116,2020-04-25,25,4,2,2020,17,FY2021
117,2020-04-26,26,4,2,2020,17,FY2021
118,2020-04-27,27,4,2,2020,18,FY2021
119,2020-04-28,28,4,2,2020,18,FY2021
120,2020-04-29,29,4,2,2020,18,FY2021
121,2020-04-30,30,4,2,2020,18,FY2021
122,2020-05-01,1,5,2,2020,18,FY2021
123,2020-05-02,2,5,2,2020,18,FY2021
124,2020-05-03,3,5,2,2020,18,FY2021
125,2020-05-04,4,5,2,2020,19,FY2021
126,2020-05-05,5,5,2,2020,19,FY2021
127,2020-05-06,6,5,2,2020,19,FY2021
128,2020-05-07,7,5,2,2020,19,FY2021
129,2020-05-08,8,5,2,2020,19,FY2021
130,2020-05-09,9,5,2,2020,19,FY2021
131,2020-05-10,10,5,2,2020,19,FY2021
132,2020-05-11,11,5,2,2020,20,FY2021
133,2020-05-12,12,5,2,2020,20,FY2021
134,2020-05-13,13,5,2,2020,20,FY2021
135,2020-05-14,14,5,2,2020,20,FY2021
136,2020-05-15,15,5,2,2020,20,FY2021
137,2020-05-16,16,5,2,2020,20,FY2021
138,2020-05-17,17,5,2,2020,20,FY2021
139,2020-05-18,18,5,2,2020,21,FY2021
140,2020-05-19,19,5,2,2020,21,FY2021
141,2020-05-20,20,5,2,2020,21,FY2021
142,2020-05-21,21,5,2,2020,21,FY2021
143,2020-05-22,22,5,2,2020,21,FY2021
144,2020-05-23,23,5,2,2020,21,FY2021
145,2020-05-24,24,5,2,2020,21,FY2021
146,2020-05-25,25,5,2,2020,22,FY2021
147,2020-05-26,26,5,2,2020,22,FY2021
148,2020-05-27,27,5,2,2020,22,FY2021
149,2020-05-28,28,5,2,2020,22,FY2021
150,2020-05-29,29,5,2,2020,22,FY2021
151,2020-05-30,30,5,2,2020,22,FY2021
152,2020-05-31,31,5,2,2020,22,FY2021
153,2020-06-01,1,6,2,2020,23,FY2021
154,2020-06-02,2,6,2,2020,23,FY2021
155,2020-06-03,3,6,2,2020,23,FY2021
156,2020-06-04,4,6,2,2020,23,FY2021
157,2020-06-05,5,6,2,2020,23,FY2021
158,2020-06-06,6,6,2,2020,23,FY2021
159,2020-06-07,7,6,2,2020,23,FY2021
160,2020-06-08,8,6,2,2020,24,FY2021
161,2020-06-09,9,6,2,2020,24,FY2021
162,2020-06-10,10,6,2,2020,24,FY2021
163,2020-06-11,11,6,2,2020,24,FY2021
164,2020-06-12,12,6,2,2020,24,FY2021
165,2020-06-13,13,6,2,2020,24,FY2021
166,2020-06-14,14,6,2,2020,24,FY2021
167,2020-06-15,15,6,2,2020,25,FY2021
168,2020-06-16,16,6,2,2020,25,FY2021
169,2020-06-17,17,6,2,2020,25,FY2021
170,2020-06-18,18,6,2,2020,25,FY2021
171,2020-06-19,19,6,2,2020,25,FY2021
172,2020-06-20,20,6,2,2020,25,FY2021
173,2020-06-21,21,6,2,2020,25,FY2021
174,2020-06-22,22,6,2,2020,26,FY2021
175,2020-06-23,23,6,2,2020,26,FY2021
176,2020-06-24,24,6,2,2020,26,FY2021
177,2020-06-25,25,6,2,2020,26,FY2021
178,2020-06-26,26,6,2,2020,26,FY2021
179,2020-06-27,27,6,2,2020,26,FY2021
180,2020-06-28,28,6,2,2020,26,FY2021
181,2020-06-29,29,6,2,2020,27,FY2021
182,2020-06-30,30,6,2,2020,27,FY2021
183,2020-07-01,1,7,3,2020,27,FY2021
184,2020-07-02,2,7,3,2020,27,FY2021
185,2020-07-03,3,7,3,2020,27,FY2021
186,2020-07-04,4,7,3,2020,27,FY2021
187,2020-07-05,5,7,3,2020,27,FY2021
188,2020-07-06,6,7,3,2020,28,FY2021
189,2020-07-07,7,7,3,2020,28,FY2021
190,2020-07-08,8,7,3,2020,28,FY2021
191,2020-07-09,9,7,3,2020,28,FY2021
192,2020-07-10,10,7,3,2020,28,FY2021
193,2020-07-11,11,7,3,2020,28,FY2021
194,2020-07-12,12,7,3,2020,28,FY2021
195,2020-07-13,13,7,3,2020,29,FY2021
196,2020-07-14,14,7,3,2020,29,FY2021
197,2020-07-15,15,7,3,2020,29,FY2021
198,2020-07-16,16,7,3,2020,29,FY2021
199,2020-07-17,17,7,3,2020,29,FY2021
200,2020-07-18,18,7,3,2020,29,FY2021
201,2020-07-19,19,7,3,2020,29,FY2021
202,2020-07-20,20,7,3,2020,30,FY2021
203,2020-07-21,21,7,3,2020,30,FY2021
204,2020-07-22,22,7,3,2020,30,FY2021
205,2020-07-23,23,7,3,2020,30,FY2021
206,2020-07-24,24,7,3,2020,30,FY2021
207,2020-07-25,25,7,3,2020,30,FY2021
208,2020-07-26,26,7,3,2020,30,FY2021
209,2020-07-27,27,7,3,2020,31,FY2021
210,2020-07-28,28,7,3,2020,31,FY2021
211,2020-07-29,29,7,3,2020,31,FY2021
212,2020-07-30,30,7,3,2020,31,FY2021
213,2020-07-31,31,7,3,2020,31,FY2021
214,2020-08-01,1,8,3,2020,31,FY2021
215,2020-08-02,2,8,3,2020,31,FY2021
216,2020-08-03,3,8,3,2020,32,FY2021
217,2020-08-04,4,8,3,2020,32,FY2021
218,2020-08-05,5,8,3,2020,32,FY2021
219,2020-08-06,6,8,3,2020,32,FY2021
220,2020-08-07,7,8,3,2020,32,FY2021
221,2020-08-08,8,8,3,2020,32,FY2021
222,2020-08-09,9,8,3,2020,32,FY2021
223,2020-08-10,10,8,3,2020,33,FY2021
224,2020-08-11,11,8,3,2020,33,FY2021
225,2020-08-12,12,8,3,2020,33,FY2021
226,2020-08-13,13,8,3,2020,33,FY2021
227,2020-08-14,14,8,3,2020,33,FY2021
228,2020-08-15,15,8,3,2020,33,FY2021
229,2020-08-16,16,8,3,2020,33,FY2021
230,2020-08-17,17,8,3,2020,34,FY2021
231,2020-08-18,18,8,3,2020,34,FY2021
232,2020-08-19,19,8,3,2020,34,FY2021
233,2020-08-20,20,8,3,2020,34,FY2021
234,2020-08-21,21,8,3,2020,34,FY2021
235,2020-08-22,22,8,3,2020,34,FY2021
236,2020-08-23,23,8,3,2020,34,FY2021
237,2020-08-24,24,8,3,2020,35,FY2021
238,2020-08-25,25,8,3,2020,35,FY2021
239,2020-08-26,26,8,3,2020,35,FY2021
240,2020-08-27,27,8,3,2020,35,FY2021
241,2020-08-28,28,8,3,2020,35,FY2021
242,2020-08-29,29,8,3,2020,35,FY2021
243,2020-08-30,30,8,3,2020,35,FY2021
244,2020-08-31,31,8,3,2020,36,FY2021
245,2020-09-01,1,9,3,2020,36,FY2021
246,2020-09-02,2,9,3,2020,36,FY2021
247,2020-09-03,3,9,3,2020,36,FY2021
248,2020-09-04,4,9,3,2020,36,FY2021
249,2020-09-05,5,9,3,2020,36,FY2021
250,2020-09-06,6,9,3,2020,36,FY2021
251,2020-09-07,7,9,3,2020,37,FY2021
252,2020-09-08,8,9,3,2020,37,FY2021
253,2020-09-09,9,9,3,2020,37,FY2021
254,2020-09-10,10,9,3,2020,37,FY2021
255,2020-09-11,11,9,3,2020,37,FY2021
256,2020-09-12,12,9,3,2020,37,FY2021
257,2020-09-13,13,9,3,2020,37,FY2021
258,2020-09-14,14,9,3,2020,38,FY2021
259,2020-09-15,15,9,3,2020,38,FY2021
260,2020-09-16,16,9,3,2020,38,FY2021
261,2020-09-17,17,9,3,2020,38,FY2021
262,2020-09-18,18,9,3,2020,38,FY2021
263,2020-09-19,19,9,3,2020,38,FY2021
264,2020-09-20,20,9,3,2020,38,FY2021
265,2020-09-21,21,9,3,2020,39,FY2021
266,2020-09-22,22,9,3,2020,39,FY2021
267,2020-09-23,23,9,3,2020,39,FY2021
268,2020-09-24,24,9,3,2020,39,FY2021
269,2020-09-25,25,9,3,2020,39,FY2021
270,2020-09-26,26,9,3,2020,39,FY2021
271,2020-09-27,27,9,3,2020,39,FY2021
272,2020-09-28,28,9,3,2020,40,FY2021
273,2020-09-29,29,9,3,2020,40,FY2021
274,2020-09-30,30,9,3,2020,40,FY2021
275,2020-10-01,1,10,4,2020,40,FY2021
276,2020-10-02,2,10,4,2020,40,FY2021
277,2020-10-03,3,10,4,2020,40,FY2021
278,2020-10-04,4,10,4,2020,40,FY2021
279,2020-10-05,5,10,4,2020,41,FY2021
280,2020-10-06,6,10,4,2020,41,FY2021
281,2020-10-07,7,10,4,2020,41,FY2021
282,2020-10-08,8,10,4,2020,41,FY2021
283,2020-10-09,9,10,4,2020,41,FY2021
284,2020-10-10,10,10,4,2020,41,FY2021
285,2020-10-11,11,10,4,2020,41,FY2021
286,2020-10-12,12,10,4,2020,42,FY2021
287,2020-10-13,13,10,4,2020,42,FY2021
288,2020-10-14,14,10,4,2020,42,FY2021
289,2020-10-15,15,10,4,2020,42,FY2021
290,2020-10-16,16,10,4,2020,42,FY2021
291,2020-10-17,17,10,4,2020,42,FY2021
292,2020-10-18,18,10,4,2020,42,FY2021
293,2020-10-19,19,10,4,2020,43,FY2021
294,2020-10-20,20,10,4,2020,43,FY2021
295,2020-10-21,21,10,4,2020,43,FY2021
296,2020-10-22,22,10,4,2020,43,FY2021
297,2020-10-23,23,10,4,2020,43,FY2021
298,2020-10-24,24,10,4,2020,43,FY2021
299,2020-10-25,25,10,4,2020,43,FY2021
300,2020-10-26,26,10,4,2020,44,FY2021
301,2020-10-27,27,10,4,2020,44,FY2021
302,2020-10-28,28,10,4,2020,44,FY2021
303,2020-10-29,29,10,4,2020,44,FY2021
304,2020-10-30,30,10,4,2020,44,FY2021
305,2020-10-31,31,10,4,2020,44,FY2021
306,2020-11-01,1,11,4,2020,44,FY2021
307,2020-11-02,2,11,4,2020,45,FY2021
308,2020-11-03,3,11,4,2020,45,FY2021
309,2020-11-04,4,11,4,2020,45,FY2021
310,2020-11-05,5,11,4,2020,45,FY2021
311,2020-11-06,6,11,4,2020,45,FY2021
312,2020-11-07,7,11,4,2020,45,FY2021
313,2020-11-08,8,11,4,2020,45,FY2021
314,2020-11-09,9,11,4,2020,46,FY2021
315,2020-11-10,10,11,4,2020,46,FY2021
316,2020-11-11,11,11,4,2020,46,FY2021
317,2020-11-12,12,11,4,2020,46,FY2021
318,2020-11-13,13,11,4,2020,46,FY2021
319,2020-11-14,14,11,4,2020,46,FY2021
320,2020-11-15,15,11,4,2020,46,FY2021
321,2020-11-16,16,11,4,2020,47,FY2021
322,2020-11-17,17,11,4,2020,47,FY2021
323,2020-11-18,18,11,4,2020,47,FY2021
324,2020-11-19,19,11,4,2020,47,FY2021
325,2020-11-20,20,11,4,2020,47,FY2021
326,2020-11-21,21,11,4,2020,47,FY2021
327,2020-11-22,22,11,4,2020,47,FY2021
328,2020-11-23,23,11,4,2020,48,FY2021
329,2020-11-24,24,11,4,2020,48,FY2021
330,2020-11-25,25,11,4,2020,48,FY2021
331,2020-11-26,26,11,4,2020,48,FY2021
332,2020-11-27,27,11,4,2020,48,FY2021
333,2020-11-28,28,11,4,2020,48,FY2021
334,2020-11-29,29,11,4,2020,48,FY2021
335,2020-11-30,30,11,4,2020,49,FY2021
336,2020-12-01,1,12,4,2020,49,FY2021
337,2020-12-02,2,12,4,2020,49,FY2021
338,2020-12-03,3,12,4,2020,49,FY2021
339,2020-12-04,4,12,4,2020,49,FY2021
340,2020-12-05,5,12,4,2020,49,FY2021
341,2020-12-06,6,12,4,2020,49,FY2021
342,2020-12-07,7,12,4,2020,50,FY2021
343,2020-12-08,8,12,4,2020,50,FY2021
344,2020-12-09,9,12,4,2020,50,FY2021
345,2020-12-10,10,12,4,2020,50,FY2021
346,2020-12-11,11,12,4,2020,50,FY2021
347,2020-12-12,12,12,4,2020,50,FY2021
348,2020-12-13,13,12,4,2020,50,FY2021
349,2020-12-14,14,12,4,2020,51,FY2021
350,2020-12-15,15,12,4,2020,51,FY2021
351,2020-12-16,16,12,4,2020,51,FY2021
352,2020-12-17,17,12,4,2020,51,FY2021
353,2020-12-18,18,12,4,2020,51,FY2021
354,2020-12-19,19,12,4,2020,51,FY2021
355,2020-12-20,20,12,4,2020,51,FY2021
356,2020-12-21,21,12,4,2020,52,FY2021
357,2020-12-22,22,12,4,2020,52,FY2021
358,2020-12-23,23,12,4,2020,52,FY2021
359,2020-12-24,24,12,4,2020,52,FY2021
360,2020-12-25,25,12,4,2020,52,FY2021
361,2020-12-26,26,12,4,2020,52,FY2021
362,2020-12-27,27,12,4,2020,52,FY2021
363,2020-12-28,28,12,4,2020,53,FY2021
364,2020-12-29,29,12,4,2020,53,FY2021
365,2020-12-30,30,12,4,2020,53,FY2021
366,2020-12-31,31,12,4,2020,53,FY2021
367,2021-01-01,1,1,1,2021,53,FY2021
368,2021-01-02,2,1,1,2021,53,FY2021
369,2021-01-03,3,1,1,2021,53,FY2021
370,2021-01-04,4,1,1,2021,1,FY2021
371,2021-01-05,5,1,1,2021,1,FY2021
372,2021-01-06,6,1,1,2021,1,FY2021
373,2021-01-07,7,1,1,2021,1,FY2021
374,2021-01-08,8,1,1,2021,1,FY2021
375,2021-01-09,9,1,1,2021,1,FY2021
376,2021-01-10,10,1,1,2021,1,FY2021
377,2021-01-11,11,1,1,2021,2,FY2021
378,2021-01-12,12,1,1,2021,2,FY2021
379,2021-01-13,13,1,1,2021,2,FY2021
380,2021-01-14,14,1,1,2021,2,FY2021
381,2021-01-15,15,1,1,2021,2,FY2021
382,2021-01-16,16,1,1,2021,2,FY2021
383,2021-01-17,17,1,1,2021,2,FY2021
384,2021-01-18,18,1,1,2021,3,FY2021
385,2021-01-19,19,1,1,2021,3,FY2021
386,2021-01-20,20,1,1,2021,3,FY2021
387,2021-01-21,21,1,1,2021,3,FY2021
388,2021-01-22,22,1,1,2021,3,FY2021
389,2021-01-23,23,1,1,2021,3,FY2021
390,2021-01-24,24,1,1,2021,3,FY2021
391,2021-01-25,25,1,1,2021,4,FY2021
392,2021-01-26,26,1,1,2021,4,FY2021
393,2021-01-27,27,1,1,2021,4,FY2021
394,2021-01-28,28,1,1,2021,4,FY2021
395,2021-01-29,29,1,1,2021,4,FY2021
396,2021-01-30,30,1,1,2021,4,FY2021
397,2021-01-31,31,1,1,2021,4,FY2021
398,2021-02-01,1,2,1,2021,5,FY2021
399,2021-02-02,2,2,1,2021,5,FY2021
400,2021-02-03,3,2,1,2021,5,FY2021
401,2021-02-04,4,2,1,2021,5,FY2021
402,2021-02-05,5,2,1,2021,5,FY2021
403,2021-02-06,6,2,1,2021,5,FY2021
404,2021-02-07,7,2,1,2021,5,FY2021
405,2021-02-08,8,2,1,2021,6,FY2021
406,2021-02-09,9,2,1,2021,6,FY2021
407,2021-02-10,10,2,1,2021,6,FY2021
408,2021-02-11,11,2,1,2021,6,FY2021
409,2021-02-12,12,2,1,2021,6,FY2021
410,2021-02-13,13,2,1,2021,6,FY2021
411,2021-02-14,14,2,1,2021,6,FY2021
412,2021-02-15,15,2,1,2021,7,FY2021
413,2021-02-16,16,2,1,2021,7,FY2021
414,2021-02-17,17,2,1,2021,7,FY2021
415,2021-02-18,18,2,1,2021,7,FY2021
416,2021-02-19,19,2,1,2021,7,FY2021
417,2021-02-20,20,2,1,2021,7,FY2021
418,2021-02-21,21,2,1,2021,7,FY2021
419,2021-02-22,22,2,1,2021,8,FY2021
420,2021-02-23,23,2,1,2021,8,FY2021
421,2021-02-24,24,2,1,2021,8,FY2021
422,2021-02-25,25,2,1,2021,8,FY2021
423,2021-02-26,26,2,1,2021,8,FY2021
424,2021-02-27,27,2,1,2021,8,FY2021
425,2021-02-28,28,2,1,2021,8,FY2021
426,2021-03-01,1,3,1,2021,9,FY2021
427,2021-03-02,2,3,1,2021,9,FY2021
428,2021-03-03,3,3,1,2021,9,FY2021
429,2021-03-04,4,3,1,2021,9,FY2021
430,2021-03-05,5,3,1,2021,9,FY2021
431,2021-03-06,6,3,1,2021,9,FY2021
432,2021-03-07,7,3,1,2021,9,FY2021
433,2021-03-08,8,3,1,2021,10,FY2021
434,2021-03-09,9,3,1,2021,10,FY2021
435,2021-03-10,10,3,1,2021,10,FY2021
436,2021-03-11,11,3,1,2021,10,FY2021
437,2021-03-12,12,3,1,2021,10,FY2021
438,2021-03-13,13,3,1,2021,10,FY2021
439,2021-03-14,14,3,1,2021,10,FY2021
440,2021-03-15,15,3,1,2021,11,FY2021
441,2021-03-16,16,3,1,2021,11,FY2021
442,2021-03-17,17,3,1,2021,11,FY2021
443,2021-03-18,18,3,1,2021,11,FY2021
444,2021-03-19,19,3,1,2021,11,FY2021
445,2021-03-20,20,3,1,2021,11,FY2021
446,2021-03-21,21,3,1,2021,11,FY2021
447,2021-03-22,22,3,1,2021,12,FY2021
448,2021-03-23,23,3,1,2021,12,FY2021
449,2021-03-24,24,3,1,2021,12,FY2021
450,2021-03-25,25,3,1,2021,12,FY2021
451,2021-03-26,26,3,1,2021,12,FY2021
452,2021-03-27,27,3,1,2021,12,FY2021
453,2021-03-28,28,3,1,2021,12,FY2021
454,2021-03-29,29,3,1,2021,13,FY2021
455,2021-03-30,30,3,1,2021,13,FY2021
456,2021-03-31,31,3,1,2021,13,FY2021
457,2021-04-01,1,4,2,2021,13,FY2022
458,2021-04-02,2,4,2,2021,13,FY2022
459,2021-04-03,3,4,2,2021,13,FY2022
460,2021-04-04,4,4,2,2021,13,FY2022
461,2021-04-05,5,4,2,2021,14,FY2022
462,2021-04-06,6,4,2,2021,14,FY2022
463,2021-04-07,7,4,2,2021,14,FY2022
464,2021-04-08,8,4,2,2021,14,FY2022
465,2021-04-09,9,4,2,2021,14,FY2022
466,2021-04-10,10,4,2,2021,14,FY2022
467,2021-04-11,11,4,2,2021,14,FY2022
468,2021-04-12,12,4,2,2021,15,FY2022
469,2021-04-13,13,4,2,2021,15,FY2022
470,2021-04-14,14,4,2,2021,15,FY2022
471,2021-04-15,15,4,2,2021,15,FY2022
472,2021-04-16,16,4,2,2021,15,FY2022
473,2021-04-17,17,4,2,2021,15,FY2022
474,2021-04-18,18,4,2,2021,15,FY2022
475,2021-04-19,19,4,2,2021,16,FY2022
476,2021-04-20,20,4,2,2021,16,FY2022
477,2021-04-21,21,4,2,2021,16,FY2022
478,2021-04-22,22,4,2,2021,16,FY2022
479,2021-04-23,23,4,2,2021,16,FY2022
480,2021-04-24,24,4,2,2021,16,FY2022
481,2021-04-25,25,4,2,2021,16,FY2022
482,2021-04-26,26,4,2,2021,17,FY2022
483,2021-04-27,27,4,2,2021,17,FY2022
484,2021-04-28,28,4,2,2021,17,FY2022
485,2021-04-29,29,4,2,2021,17,FY2022
486,2021-04-30,30,4,2,2021,17,FY2022
487,2021-05-01,1,5,2,2021,17,FY2022
488,2021-05-02,2,5,2,2021,17,FY2022
489,2021-05-03,3,5,2,2021,18,FY2022
490,2021-05-04,4,5,2,2021,18,FY2022
491,2021-05-05,5,5,2,2021,18,FY2022
492,2021-05-06,6,5,2,2021,18,FY2022
493,2021-05-07,7,5,2,2021,18,FY2022
494,2021-05-08,8,5,2,2021,18,FY2022
495,2021-05-09,9,5,2,2021,18,FY2022
496,2021-05-10,10,5,2,2021,19,FY2022
497,2021-05-11,11,5,2,2021,19,FY2022
498,2021-05-12,12,5,2,2021,19,FY2022
499,2021-05-13,13,5,2,2021,19,FY2022
500,2021-05-14,14,5,2,2021,19,FY2022
501,2021-05-15,15,5,2,2021,19,FY2022
502,2021-05-16,16,5,2,2021,19,FY2022
503,2021-05-17,17,5,2,2021,20,FY2022
504,2021-05-18,18,5,2,2021,20,FY2022
505,2021-05-19,19,5,2,2021,20,FY2022
506,2021-05-20,20,5,2,2021,20,FY2022
507,2021-05-21,21,5,2,2021,20,FY2022
508,2021-05-22,22,5,2,2021,20,FY2022
509,2021-05-23,23,5,2,2021,20,FY2022
510,2021-05-24,24,5,2,2021,21,FY2022
511,2021-05-25,25,5,2,2021,21,FY2022
512,2021-05-26,26,5,2,2021,21,FY2022
513,2021-05-27,27,5,2,2021,21,FY2022
514,2021-05-28,28,5,2,2021,21,FY2022
515,2021-05-29,29,5,2,2021,21,FY2022
516,2021-05-30,30,5,2,2021,21,FY2022
517,2021-05-31,31,5,2,2021,22,FY2022
518,2021-06-01,1,6,2,2021,22,FY2022
519,2021-06-02,2,6,2,2021,22,FY2022
520,2021-06-03,3,6,2,2021,22,FY2022
521,2021-06-04,4,6,2,2021,22,FY2022
522,2021-06-05,5,6,2,2021,22,FY2022
523,2021-06-06,6,6,2,2021,22,FY2022
524,2021-06-07,7,6,2,2021,23,FY2022
525,2021-06-08,8,6,2,2021,23,FY2022
526,2021-06-09,9,6,2,2021,23,FY2022
527,2021-06-10,10,6,2,2021,23,FY2022
528,2021-06-11,11,6,2,2021,23,FY2022
529,2021-06-12,12,6,2,2021,23,FY2022
530,2021-06-13,13,6,2,2021,23,FY2022
531,2021-06-14,14,6,2,2021,24,FY2022
532,2021-06-15,15,6,2,2021,24,FY2022
533,2021-06-16,16,6,2,2021,24,FY2022
534,2021-06-17,17,6,2,2021,24,FY2022
535,2021-06-18,18,6,2,2021,24,FY2022
536,2021-06-19,19,6,2,2021,24,FY2022
537,2021-06-20,20,6,2,2021,24,FY2022
538,2021-06-21,21,6,2,2021,25,FY2022
539,2021-06-22,22,6,2,2021,25,FY2022
540,2021-06-23,23,6,2,2021,25,FY2022
541,2021-06-24,24,6,2,2021,25,FY2022
542,2021-06-25,25,6,2,2021,25,FY2022
543,2021-06-26,26,6,2,2021,25,FY2022
544,2021-06-27,27,6,2,2021,25,FY2022
545,2021-06-28,28,6,2,2021,26,FY2022
546,2021-06-29,29,6,2,2021,26,FY2022
547,2021-06-30,30,6,2,2021,26,FY2022
548,2021-07-01,1,7,3,2021,26,FY2022
549,2021-07-02,2,7,3,2021,26,FY2022
550,2021-07-03,3,7,3,2021,26,FY2022
551,2021-07-04,4,7,3,2021,26,FY2022
552,2021-07-05,5,7,3,2021,27,FY2022
553,2021-07-06,6,7,3,2021,27,FY2022
554,2021-07-07,7,7,3,2021,27,FY2022
555,2021-07-08,8,7,3,2021,27,FY2022
556,2021-07-09,9,7,3,2021,27,FY2022
557,2021-07-10,10,7,3,2021,27,FY2022
558,2021-07-11,11,7,3,2021,27,FY2022
559,2021-07-12,12,7,3,2021,28,FY2022
560,2021-07-13,13,7,3,2021,28,FY2022
561,2021-07-14,14,7,3,2021,28,FY2022
562,2021-07-15,15,7,3,2021,28,FY2022
563,2021-07-16,16,7,3,2021,28,FY2022
564,2021-07-17,17,7,3,2021,28,FY2022
565,2021-07-18,18,7,3,2021,28,FY2022
566,2021-07-19,19,7,3,2021,29,FY2022
567,2021-07-20,20,7,3,2021,29,FY2022
568,2021-07-21,21,7,3,2021,29,FY2022
569,2021-07-22,22,7,3,2021,29,FY2022
570,2021-07-23,23,7,3,2021,29,FY2022
571,2021-07-24,24,7,3,2021,29,FY2022
572,2021-07-25,25,7,3,2021,29,FY2022
573,2021-07-26,26,7,3,2021,30,FY2022
574,2021-07-27,27,7,3,2021,30,FY2022
575,2021-07-28,28,7,3,2021,30,FY2022
576,2021-07-29,29,7,3,2021,30,FY2022
577,2021-07-30,30,7,3,2021,30,FY2022
578,2021-07-31,31,7,3,2021,30,FY2022
579,2021-08-01,1,8,3,2021,30,FY2022
580,2021-08-02,2,8,3,2021,31,FY2022
581,2021-08-03,3,8,3,2021,31,FY2022
582,2021-08-04,4,8,3,2021,31,FY2022
583,2021-08-05,5,8,3,2021,31,FY2022
584,2021-08-06,6,8,3,2021,31,FY2022
585,2021-08-07,7,8,3,2021,31,FY2022
586,2021-08-08,8,8,3,2021,31,FY2022
587,2021-08-09,9,8,3,2021,32,FY2022
588,2021-08-10,10,8,3,2021,32,FY2022
589,2021-08-11,11,8,3,2021,32,FY2022
590,2021-08-12,12,8,3,2021,32,FY2022
591,2021-08-13,13,8,3,2021,32,FY2022
592,2021-08-14,14,8,3,2021,32,FY2022
593,2021-08-15,15,8,3,2021,32,FY2022
594,2021-08-16,16,8,3,2021,33,FY2022
595,2021-08-17,17,8,3,2021,33,FY2022
596,2021-08-18,18,8,3,2021,33,FY2022
597,2021-08-19,19,8,3,2021,33,FY2022
598,2021-08-20,20,8,3,2021,33,FY2022
599,2021-08-21,21,8,3,2021,33,FY2022
600,2021-08-22,22,8,3,2021,33,FY2022
601,2021-08-23,23,8,3,2021,34,FY2022
602,2021-08-24,24,8,3,2021,34,FY2022
603,2021-08-25,25,8,3,2021,34,FY2022
604,2021-08-26,26,8,3,2021,34,FY2022
605,2021-08-27,27,8,3,2021,34,FY2022
606,2021-08-28,28,8,3,2021,34,FY2022
607,2021-08-29,29,8,3,2021,34,FY2022
608,2021-08-30,30,8,3,2021,35,FY2022
609,2021-08-31,31,8,3,2021,35,FY2022
610,2021-09-01,1,9,3,2021,35,FY2022
611,2021-09-02,2,9,3,2021,35,FY2022
612,2021-09-03,3,9,3,2021,35,FY2022
613,2021-09-04,4,9,3,2021,35,FY2022
614,2021-09-05,5,9,3,2021,35,FY2022
615,2021-09-06,6,9,3,2021,36,FY2022
616,2021-09-07,7,9,3,2021,36,FY2022
617,2021-09-08,8,9,3,2021,36,FY2022
618,2021-09-09,9,9,3,2021,36,FY2022
619,2021-09-10,10,9,3,2021,36,FY2022
620,2021-09-11,11,9,3,2021,36,FY2022
621,2021-09-12,12,9,3,2021,36,FY2022
622,2021-09-13,13,9,3,2021,37,FY2022
623,2021-09-14,14,9,3,2021,37,FY2022
624,2021-09-15,15,9,3,2021,37,FY2022
625,2021-09-16,16,9,3,2021,37,FY2022
626,2021-09-17,17,9,3,2021,37,FY2022
627,2021-09-18,18,9,3,2021,37,FY2022
628,2021-09-19,19,9,3,2021,37,FY2022
629,2021-09-20,20,9,3,2021,38,FY2022
630,2021-09-21,21,9,3,2021,38,FY2022
631,2021-09-22,22,9,3,2021,38,FY2022
632,2021-09-23,23,9,3,2021,38,FY2022
633,2021-09-24,24,9,3,2021,38,FY2022
634,2021-09-25,25,9,3,2021,38,FY2022
635,2021-09-26,26,9,3,2021,38,FY2022
636,2021-09-27,27,9,3,2021,39,FY2022
637,2021-09-28,28,9,3,2021,39,FY2022
638,2021-09-29,29,9,3,2021,39,FY2022
639,2021-09-30,30,9,3,2021,39,FY2022
640,2021-10-01,1,10,4,2021,39,FY2022
641,2021-10-02,2,10,4,2021,39,FY2022
642,2021-10-03,3,10,4,2021,39,FY2022
643,2021-10-04,4,10,4,2021,40,FY2022
644,2021-10-05,5,10,4,2021,40,FY2022
645,2021-10-06,6,10,4,2021,40,FY2022
646,2021-10-07,7,10,4,2021,40,FY2022
647,2021-10-08,8,10,4,2021,40,FY2022
648,2021-10-09,9,10,4,2021,40,FY2022
649,2021-10-10,10,10,4,2021,40,FY2022
650,2021-10-11,11,10,4,2021,41,FY2022
651,2021-10-12,12,10,4,2021,41,FY2022
652,2021-10-13,13,10,4,2021,41,FY2022
653,2021-10-14,14,10,4,2021,41,FY2022
654,2021-10-15,15,10,4,2021,41,FY2022
655,2021-10-16,16,10,4,2021,41,FY2022
656,2021-10-17,17,10,4,2021,41,FY2022
657,2021-10-18,18,10,4,2021,42,FY2022
658,2021-10-19,19,10,4,2021,42,FY2022
659,2021-10-20,20,10,4,2021,42,FY2022
660,2021-10-21,21,10,4,2021,42,FY2022
661,2021-10-22,22,10,4,2021,42,FY2022
662,2021-10-23,23,10,4,2021,42,FY2022
663,2021-10-24,24,10,4,2021,42,FY2022
664,2021-10-25,25,10,4,2021,43,FY2022
665,2021-10-26,26,10,4,2021,43,FY2022
666,2021-10-27,27,10,4,2021,43,FY2022
667,2021-10-28,28,10,4,2021,43,FY2022
668,2021-10-29,29,10,4,2021,43,FY2022
669,2021-10-30,30,10,4,2021,43,FY2022
670,2021-10-31,31,10,4,2021,43,FY2022
671,2021-11-01,1,11,4,2021,44,FY2022
672,2021-11-02,2,11,4,2021,44,FY2022
673,2021-11-03,3,11,4,2021,44,FY2022
674,2021-11-04,4,11,4,2021,44,FY2022
675,2021-11-05,5,11,4,2021,44,FY2022
676,2021-11-06,6,11,4,2021,44,FY2022
677,2021-11-07,7,11,4,2021,44,FY2022
678,2021-11-08,8,11,4,2021,45,FY2022
679,2021-11-09,9,11,4,2021,45,FY2022
680,2021-11-10,10,11,4,2021,45,FY2022
681,2021-11-11,11,11,4,2021,45,FY2022
682,2021-11-12,12,11,4,2021,45,FY2022
683,2021-11-13,13,11,4,2021,45,FY2022
684,2021-11-14,14,11,4,2021,45,FY2022
685,2021-11-15,15,11,4,2021,46,FY2022
686,2021-11-16,16,11,4,2021,46,FY2022
687,2021-11-17,17,11,4,2021,46,FY2022
688,2021-11-18,18,11,4,2021,46,FY2022
689,2021-11-19,19,11,4,2021,46,FY2022
690,2021-11-20,20,11,4,2021,46,FY2022
691,2021-11-21,21,11,4,2021,46,FY2022
692,2021-11-22,22,11,4,2021,47,FY2022
693,2021-11-23,23,11,4,2021,47,FY2022
694,2021-11-24,24,11,4,2021,47,FY2022
695,2021-11-25,25,11,4,2021,47,FY2022
696,2021-11-26,26,11,4,2021,47,FY2022
697,2021-11-27,27,11,4,2021,47,FY2022
698,2021-11-28,28,11,4,2021,47,FY2022
699,2021-11-29,29,11,4,2021,48,FY2022
700,2021-11-30,30,11,4,2021,48,FY2022
701,2021-12-01,1,12,4,2021,48,FY2022
702,2021-12-02,2,12,4,2021,48,FY2022
703,2021-12-03,3,12,4,2021,48,FY2022
704,2021-12-04,4,12,4,2021,48,FY2022
705,2021-12-05,5,12,4,2021,48,FY2022
706,2021-12-06,6,12,4,2021,49,FY2022
707,2021-12-07,7,12,4,2021,49,FY2022
708,2021-12-08,8,12,4,2021,49,FY2022
709,2021-12-09,9,12,4,2021,49,FY2022
710,2021-12-10,10,12,4,2021,49,FY2022
711,2021-12-11,11,12,4,2021,49,FY2022
712,2021-12-12,12,12,4,2021,49,FY2022
713,2021-12-13,13,12,4,2021,50,FY2022
714,2021-12-14,14,12,4,2021,50,FY2022
715,2021-12-15,15,12,4,2021,50,FY2022
716,2021-12-16,16,12,4,2021,50,FY2022
717,2021-12-17,17,12,4,2021,50,FY2022
718,2021-12-18,18,12,4,2021,50,FY2022
719,2021-12-19,19,12,4,2021,50,FY2022
720,2021-12-20,20,12,4,2021,51,FY2022
721,2021-12-21,21,12,4,2021,51,FY2022
722,2021-12-22,22,12,4,2021,51,FY2022
723,2021-12-23,23,12,4,2021,51,FY2022
724,2021-12-24,24,12,4,2021,51,FY2022
725,2021-12-25,25,12,4,2021,51,FY2022
726,2021-12-26,26,12,4,2021,51,FY2022
727,2021-12-27,27,12,4,2021,52,FY2022
728,2021-12-28,28,12,4,2021,52,FY2022
729,2021-12-29,29,12,4,2021,52,FY2022
730,2021-12-30,30,12,4,2021,52,FY2022
731,2021-12-31,31,12,4,2021,52,FY2022
732,2022-01-01,1,1,1,2022,52,FY2022
733,2022-01-02,2,1,1,2022,52,FY2022
734,2022-01-03,3,1,1,2022,1,FY2022
735,2022-01-04,4,1,1,2022,1,FY2022
736,2022-01-05,5,1,1,2022,1,FY2022
737,2022-01-06,6,1,1,2022,1,FY2022
738,2022-01-07,7,1,1,2022,1,FY2022
739,2022-01-08,8,1,1,2022,1,FY2022
740,2022-01-09,9,1,1,2022,1,FY2022
741,2022-01-10,10,1,1,2022,2,FY2022
742,2022-01-11,11,1,1,2022,2,FY2022
743,2022-01-12,12,1,1,2022,2,FY2022
744,2022-01-13,13,1,1,2022,2,FY2022
745,2022-01-14,14,1,1,2022,2,FY2022
746,2022-01-15,15,1,1,2022,2,FY2022
747,2022-01-16,16,1,1,2022,2,FY2022
748,2022-01-17,17,1,1,2022,3,FY2022
749,2022-01-18,18,1,1,2022,3,FY2022
750,2022-01-19,19,1,1,2022,3,FY2022
751,2022-01-20,20,1,1,2022,3,FY2022
752,2022-01-21,21,1,1,2022,3,FY2022
753,2022-01-22,22,1,1,2022,3,FY2022
754,2022-01-23,23,1,1,2022,3,FY2022
755,2022-01-24,24,1,1,2022,4,FY2022
756,2022-01-25,25,1,1,2022,4,FY2022
757,2022-01-26,26,1,1,2022,4,FY2022
758,2022-01-27,27,1,1,2022,4,FY2022
759,2022-01-28,28,1,1,2022,4,FY2022
760,2022-01-29,29,1,1,2022,4,FY2022
761,2022-01-30,30,1,1,2022,4,FY2022
762,2022-01-31,31,1,1,2022,5,FY2022
763,2022-02-01,1,2,1,2022,5,FY2022
764,2022-02-02,2,2,1,2022,5,FY2022
765,2022-02-03,3,2,1,2022,5,FY2022
766,2022-02-04,4,2,1,2022,5,FY2022
767,2022-02-05,5,2,1,2022,5,FY2022
768,2022-02-06,6,2,1,2022,5,FY2022
769,2022-02-07,7,2,1,2022,6,FY2022
770,2022-02-08,8,2,1,2022,6,FY2022
771,2022-02-09,9,2,1,2022,6,FY2022
772,2022-02-10,10,2,1,2022,6,FY2022
773,2022-02-11,11,2,1,2022,6,FY2022
774,2022-02-12,12,2,1,2022,6,FY2022
775,2022-02-13,13,2,1,2022,6,FY2022
776,2022-02-14,14,2,1,2022,7,FY2022
777,2022-02-15,15,2,1,2022,7,FY2022
778,2022-02-16,16,2,1,2022,7,FY2022
779,2022-02-17,17,2,1,2022,7,FY2022
780,2022-02-18,18,2,1,2022,7,FY2022
781,2022-02-19,19,2,1,2022,7,FY2022
782,2022-02-20,20,2,1,2022,7,FY2022
783,2022-02-21,21,2,1,2022,8,FY2022
784,2022-02-22,22,2,1,2022,8,FY2022
785,2022-02-23,23,2,1,2022,8,FY2022
786,2022-02-24,24,2,1,2022,8,FY2022
787,2022-02-25,25,2,1,2022,8,FY2022
788,2022-02-26,26,2,1,2022,8,FY2022
789,2022-02-27,27,2,1,2022,8,FY2022
790,2022-02-28,28,2,1,2022,9,FY2022
791,2022-03-01,1,3,1,2022,9,FY2022
792,2022-03-02,2,3,1,2022,9,FY2022
793,2022-03-03,3,3,1,2022,9,FY2022
794,2022-03-04,4,3,1,2022,9,FY2022
795,2022-03-05,5,3,1,2022,9,FY2022
796,2022-03-06,6,3,1,2022,9,FY2022
797,2022-03-07,7,3,1,2022,10,FY2022
798,2022-03-08,8,3,1,2022,10,FY2022
799,2022-03-09,9,3,1,2022,10,FY2022
800,2022-03-10,10,3,1,2022,10,FY2022
801,2022-03-11,11,3,1,2022,10,FY2022
802,2022-03-12,12,3,1,2022,10,FY2022
803,2022-03-13,13,3,1,2022,10,FY2022
804,2022-03-14,14,3,1,2022,11,FY2022
805,2022-03-15,15,3,1,2022,11,FY2022
806,2022-03-16,16,3,1,2022,11,FY2022
807,2022-03-17,17,3,1,2022,11,FY2022
808,2022-03-18,18,3,1,2022,11,FY2022
809,2022-03-19,19,3,1,2022,11,FY2022
810,2022-03-20,20,3,1,2022,11,FY2022
811,2022-03-21,21,3,1,2022,12,FY2022
812,2022-03-22,22,3,1,2022,12,FY2022
813,2022-03-23,23,3,1,2022,12,FY2022
814,2022-03-24,24,3,1,2022,12,FY2022
815,2022-03-25,25,3,1,2022,12,FY2022
816,2022-03-26,26,3,1,2022,12,FY2022
817,2022-03-27,27,3,1,2022,12,FY2022
818,2022-03-28,28,3,1,2022,13,FY2022
819,2022-03-29,29,3,1,2022,13,FY2022
820,2022-03-30,30,3,1,2022,13,FY2022
821,2022-03-31,31,3,1,2022,13,FY2022
822,2022-04-01,1,4,2,2022,13,FY2023
823,2022-04-02,2,4,2,2022,13,FY2023
824,2022-04-03,3,4,2,2022,13,FY2023
825,2022-04-04,4,4,2,2022,14,FY2023
826,2022-04-05,5,4,2,2022,14,FY2023
827,2022-04-06,6,4,2,2022,14,FY2023
828,2022-04-07,7,4,2,2022,14,FY2023
829,2022-04-08,8,4,2,2022,14,FY2023
830,2022-04-09,9,4,2,2022,14,FY2023
831,2022-04-10,10,4,2,2022,14,FY2023
832,2022-04-11,11,4,2,2022,15,FY2023
833,2022-04-12,12,4,2,2022,15,FY2023
834,2022-04-13,13,4,2,2022,15,FY2023
835,2022-04-14,14,4,2,2022,15,FY2023
836,2022-04-15,15,4,2,2022,15,FY2023
837,2022-04-16,16,4,2,2022,15,FY2023
838,2022-04-17,17,4,2,2022,15,FY2023
839,2022-04-18,18,4,2,2022,16,FY2023
840,2022-04-19,19,4,2,2022,16,FY2023
841,2022-04-20,20,4,2,2022,16,FY2023
842,2022-04-21,21,4,2,2022,16,FY2023
843,2022-04-22,22,4,2,2022,16,FY2023
844,2022-04-23,23,4,2,2022,16,FY2023
845,2022-04-24,24,4,2,2022,16,FY2023
846,2022-04-25,25,4,2,2022,17,FY2023
847,2022-04-26,26,4,2,2022,17,FY2023
848,2022-04-27,27,4,2,2022,17,FY2023
849,2022-04-28,28,4,2,2022,17,FY2023
850,2022-04-29,29,4,2,2022,17,FY2023
851,2022-04-30,30,4,2,2022,17,FY2023
852,2022-05-01,1,5,2,2022,17,FY2023
853,2022-05-02,2,5,2,2022,18,FY2023
854,2022-05-03,3,5,2,2022,18,FY2023
855,2022-05-04,4,5,2,2022,18,FY2023
856,2022-05-05,5,5,2,2022,18,FY2023
857,2022-05-06,6,5,2,2022,18,FY2023
858,2022-05-07,7,5,2,2022,18,FY2023
859,2022-05-08,8,5,2,2022,18,FY2023
860,2022-05-09,9,5,2,2022,19,FY2023
861,2022-05-10,10,5,2,2022,19,FY2023
862,2022-05-11,11,5,2,2022,19,FY2023
863,2022-05-12,12,5,2,2022,19,FY2023
864,2022-05-13,13,5,2,2022,19,FY2023
865,2022-05-14,14,5,2,2022,19,FY2023
866,2022-05-15,15,5,2,2022,19,FY2023
867,2022-05-16,16,5,2,2022,20,FY2023
868,2022-05-17,17,5,2,2022,20,FY2023
869,2022-05-18,18,5,2,2022,20,FY2023
870,2022-05-19,19,5,2,2022,20,FY2023
871,2022-05-20,20,5,2,2022,20,FY2023
872,2022-05-21,21,5,2,2022,20,FY2023
873,2022-05-22,22,5,2,2022,20,FY2023
874,2022-05-23,23,5,2,2022,21,FY2023
875,2022-05-24,24,5,2,2022,21,FY2023
876,2022-05-25,25,5,2,2022,21,FY2023
877,2022-05-26,26,5,2,2022,21,FY2023
878,2022-05-27,27,5,2,2022,21,FY2023
879,2022-05-28,28,5,2,2022,21,FY2023
880,2022-05-29,29,5,2,2022,21,FY2023
881,2022-05-30,30,5,2,2022,22,FY2023
882,2022-05-31,31,5,2,2022,22,FY2023
883,2022-06-01,1,6,2,2022,22,FY2023
884,2022-06-02,2,6,2,2022,22,FY2023
885,2022-06-03,3,6,2,2022,22,FY2023
886,2022-06-04,4,6,2,2022,22,FY2023
887,2022-06-05,5,6,2,2022,22,FY2023
888,2022-06-06,6,6,2,2022,23,FY2023
889,2022-06-07,7,6,2,2022,23,FY2023
890,2022-06-08,8,6,2,2022,23,FY2023
891,2022-06-09,9,6,2,2022,23,FY2023
892,2022-06-10,10,6,2,2022,23,FY2023
893,2022-06-11,11,6,2,2022,23,FY2023
894,2022-06-12,12,6,2,2022,23,FY2023
895,2022-06-13,13,6,2,2022,24,FY2023
896,2022-06-14,14,6,2,2022,24,FY2023
897,2022-06-15,15,6,2,2022,24,FY2023
898,2022-06-16,16,6,2,2022,24,FY2023
899,2022-06-17,17,6,2,2022,24,FY2023
900,2022-06-18,18,6,2,2022,24,FY2023
901,2022-06-19,19,6,2,2022,24,FY2023
902,2022-06-20,20,6,2,2022,25,FY2023
903,2022-06-21,21,6,2,2022,25,FY2023
904,2022-06-22,22,6,2,2022,25,FY2023
905,2022-06-23,23,6,2,2022,25,FY2023
906,2022-06-24,24,6,2,2022,25,FY2023
907,2022-06-25,25,6,2,2022,25,FY2023
908,2022-06-26,26,6,2,2022,25,FY2023
909,2022-06-27,27,6,2,2022,26,FY2023
910,2022-06-28,28,6,2,2022,26,FY2023
911,2022-06-29,29,6,2,2022,26,FY2023
912,2022-06-30,30,6,2,2022,26,FY2023
913,2022-07-01,1,7,3,2022,26,FY2023
914,2022-07-02,2,7,3,2022,26,FY2023
915,2022-07-03,3,7,3,2022,26,FY2023
916,2022-07-04,4,7,3,2022,27,FY2023
917,2022-07-05,5,7,3,2022,27,FY2023
918,2022-07-06,6,7,3,2022,27,FY2023
919,2022-07-07,7,7,3,2022,27,FY2023
920,2022-07-08,8,7,3,2022,27,FY2023
921,2022-07-09,9,7,3,2022,27,FY2023
922,2022-07-10,10,7,3,2022,27,FY2023
923,2022-07-11,11,7,3,2022,28,FY2023
924,2022-07-12,12,7,3,2022,28,FY2023
925,2022-07-13,13,7,3,2022,28,FY2023
926,2022-07-14,14,7,3,2022,28,FY2023
927,2022-07-15,15,7,3,2022,28,FY2023
928,2022-07-16,16,7,3,2022,28,FY2023
929,2022-07-17,17,7,3,2022,28,FY2023
930,2022-07-18,18,7,3,2022,29,FY2023
931,2022-07-19,19,7,3,2022,29,FY2023
932,2022-07-20,20,7,3,2022,29,FY2023
933,2022-07-21,21,7,3,2022,29,FY2023
934,2022-07-22,22,7,3,2022,29,FY2023
935,2022-07-23,23,7,3,2022,29,FY2023
936,2022-07-24,24,7,3,2022,29,FY2023
937,2022-07-25,25,7,3,2022,30,FY2023
938,2022-07-26,26,7,3,2022,30,FY2023
939,2022-07-27,27,7,3,2022,30,FY2023
940,2022-07-28,28,7,3,2022,30,FY2023
941,2022-07-29,29,7,3,2022,30,FY2023
942,2022-07-30,30,7,3,2022,30,FY2023
943,2022-07-31,31,7,3,2022,30,FY2023
944,2022-08-01,1,8,3,2022,31,FY2023
945,2022-08-02,2,8,3,2022,31,FY2023
946,2022-08-03,3,8,3,2022,31,FY2023
947,2022-08-04,4,8,3,2022,31,FY2023
948,2022-08-05,5,8,3,2022,31,FY2023
949,2022-08-06,6,8,3,2022,31,FY2023
950,2022-08-07,7,8,3,2022,31,FY2023
951,2022-08-08,8,8,3,2022,32,FY2023
952,2022-08-09,9,8,3,2022,32,FY2023
953,2022-08-10,10,8,3,2022,32,FY2023
954,2022-08-11,11,8,3,2022,32,FY2023
955,2022-08-12,12,8,3,2022,32,FY2023
956,2022-08-13,13,8,3,2022,32,FY2023
957,2022-08-14,14,8,3,2022,32,FY2023
958,2022-08-15,15,8,3,2022,33,FY2023
959,2022-08-16,16,8,3,2022,33,FY2023
960,2022-08-17,17,8,3,2022,33,FY2023
961,2022-08-18,18,8,3,2022,33,FY2023
962,2022-08-19,19,8,3,2022,33,FY2023
963,2022-08-20,20,8,3,2022,33,FY2023
964,2022-08-21,21,8,3,2022,33,FY2023
965,2022-08-22,22,8,3,2022,34,FY2023
966,2022-08-23,23,8,3,2022,34,FY2023
967,2022-08-24,24,8,3,2022,34,FY2023
968,2022-08-25,25,8,3,2022,34,FY2023
969,2022-08-26,26,8,3,2022,34,FY2023
970,2022-08-27,27,8,3,2022,34,FY2023
971,2022-08-28,28,8,3,2022,34,FY2023
972,2022-08-29,29,8,3,2022,35,FY2023
973,2022-08-30,30,8,3,2022,35,FY2023
974,2022-08-31,31,8,3,2022,35,FY2023
975,2022-09-01,1,9,3,2022,35,FY2023
976,2022-09-02,2,9,3,2022,35,FY2023
977,2022-09-03,3,9,3,2022,35,FY2023
978,2022-09-04,4,9,3,2022,35,FY2023
979,2022-09-05,5,9,3,2022,36,FY2023
980,2022-09-06,6,9,3,2022,36,FY2023
981,2022-09-07,7,9,3,2022,36,FY2023
982,2022-09-08,8,9,3,2022,36,FY2023
983,2022-09-09,9,9,3,2022,36,FY2023
984,2022-09-10,10,9,3,2022,36,FY2023
985,2022-09-11,11,9,3,2022,36,FY2023
986,2022-09-12,12,9,3,2022,37,FY2023
987,2022-09-13,13,9,3,2022,37,FY2023
988,2022-09-14,14,9,3,2022,37,FY2023
989,2022-09-15,15,9,3,2022,37,FY2023
990,2022-09-16,16,9,3,2022,37,FY2023
991,2022-09-17,17,9,3,2022,37,FY2023
992,2022-09-18,18,9,3,2022,37,FY2023
993,2022-09-19,19,9,3,2022,38,FY2023
994,2022-09-20,20,9,3,2022,38,FY2023
995,2022-09-21,21,9,3,2022,38,FY2023
996,2022-09-22,22,9,3,2022,38,FY2023
997,2022-09-23,23,9,3,2022,38,FY2023
998,2022-09-24,24,9,3,2022,38,FY2023
999,2022-09-25,25,9,3,2022,38,FY2023
1000,2022-09-26,26,9,3,2022,39,FY2023
1001,2022-09-27,27,9,3,2022,39,FY2023
1002,2022-09-28,28,9,3,2022,39,FY2023
1003,2022-09-29,29,9,3,2022,39,FY2023
1004,2022-09-30,30,9,3,2022,39,FY2023
1005,2022-10-01,1,10,4,2022,39,FY2023
1006,2022-10-02,2,10,4,2022,39,FY2023
1007,2022-10-03,3,10,4,2022,40,FY2023
1008,2022-10-04,4,10,4,2022,40,FY2023
1009,2022-10-05,5,10,4,2022,40,FY2023
1010,2022-10-06,6,10,4,2022,40,FY2023
1011,2022-10-07,7,10,4,2022,40,FY2023
1012,2022-10-08,8,10,4,2022,40,FY2023
1013,2022-10-09,9,10,4,2022,40,FY2023
1014,2022-10-10,10,10,4,2022,41,FY2023
1015,2022-10-11,11,10,4,2022,41,FY2023
1016,2022-10-12,12,10,4,2022,41,FY2023
1017,2022-10-13,13,10,4,2022,41,FY2023
1018,2022-10-14,14,10,4,2022,41,FY2023
1019,2022-10-15,15,10,4,2022,41,FY2023
1020,2022-10-16,16,10,4,2022,41,FY2023
1021,2022-10-17,17,10,4,2022,42,FY2023
1022,2022-10-18,18,10,4,2022,42,FY2023
1023,2022-10-19,19,10,4,2022,42,FY2023
1024,2022-10-20,20,10,4,2022,42,FY2023
1025,2022-10-21,21,10,4,2022,42,FY2023
1026,2022-10-22,22,10,4,2022,42,FY2023
1027,2022-10-23,23,10,4,2022,42,FY2023
1028,2022-10-24,24,10,4,2022,43,FY2023
1029,2022-10-25,25,10,4,2022,43,FY2023
1030,2022-10-26,26,10,4,2022,43,FY2023
1031,2022-10-27,27,10,4,2022,43,FY2023
1032,2022-10-28,28,10,4,2022,43,FY2023
1033,2022-10-29,29,10,4,2022,43,FY2023
1034,2022-10-30,30,10,4,2022,43,FY2023
1035,2022-10-31,31,10,4,2022,44,FY2023
1036,2022-11-01,1,11,4,2022,44,FY2023
1037,2022-11-02,2,11,4,2022,44,FY2023
1038,2022-11-03,3,11,4,2022,44,FY2023
1039,2022-11-04,4,11,4,2022,44,FY2023
1040,2022-11-05,5,11,4,2022,44,FY2023
1041,2022-11-06,6,11,4,2022,44,FY2023
1042,2022-11-07,7,11,4,2022,45,FY2023
1043,2022-11-08,8,11,4,2022,45,FY2023
1044,2022-11-09,9,11,4,2022,45,FY2023
1045,2022-11-10,10,11,4,2022,45,FY2023
1046,2022-11-11,11,11,4,2022,45,FY2023
1047,2022-11-12,12,11,4,2022,45,FY2023
1048,2022-11-13,13,11,4,2022,45,FY2023
1049,2022-11-14,14,11,4,2022,46,FY2023
1050,2022-11-15,15,11,4,2022,46,FY2023
1051,2022-11-16,16,11,4,2022,46,FY2023
1052,2022-11-17,17,11,4,2022,46,FY2023
1053,2022-11-18,18,11,4,2022,46,FY2023
1054,2022-11-19,19,11,4,2022,46,FY2023
1055,2022-11-20,20,11,4,2022,46,FY2023
1056,2022-11-21,21,11,4,2022,47,FY2023
1057,2022-11-22,22,11,4,2022,47,FY2023
1058,2022-11-23,23,11,4,2022,47,FY2023
1059,2022-11-24,24,11,4,2022,47,FY2023
1060,2022-11-25,25,11,4,2022,47,FY2023
1061,2022-11-26,26,11,4,2022,47,FY2023
1062,2022-11-27,27,11,4,2022,47,FY2023
1063,2022-11-28,28,11,4,2022,48,FY2023
1064,2022-11-29,29,11,4,2022,48,FY2023
1065,2022-11-30,30,11,4,2022,48,FY2023
1066,2022-12-01,1,12,4,2022,48,FY2023
1067,2022-12-02,2,12,4,2022,48,FY2023
1068,2022-12-03,3,12,4,2022,48,FY2023
1069,2022-12-04,4,12,4,2022,48,FY2023
1070,2022-12-05,5,12,4,2022,49,FY2023
1071,2022-12-06,6,12,4,2022,49,FY2023
1072,2022-12-07,7,12,4,2022,49,FY2023
1073,2022-12-08,8,12,4,2022,49,FY2023
1074,2022-12-09,9,12,4,2022,49,FY2023
1075,2022-12-10,10,12,4,2022,49,FY2023
1076,2022-12-11,11,12,4,2022,49,FY2023
1077,2022-12-12,12,12,4,2022,50,FY2023
1078,2022-12-13,13,12,4,2022,50,FY2023
1079,2022-12-14,14,12,4,2022,50,FY2023
1080,2022-12-15,15,12,4,2022,50,FY2023
1081,2022-12-16,16,12,4,2022,50,FY2023
1082,2022-12-17,17,12,4,2022,50,FY2023
1083,2022-12-18,18,12,4,2022,50,FY2023
1084,2022-12-19,19,12,4,2022,51,FY2023
1085,2022-12-20,20,12,4,2022,51,FY2023
1086,2022-12-21,21,12,4,2022,51,FY2023
1087,2022-12-22,22,12,4,2022,51,FY2023
1088,2022-12-23,23,12,4,2022,51,FY2023
1089,2022-12-24,24,12,4,2022,51,FY2023
1090,2022-12-25,25,12,4,2022,51,FY2023
1091,2022-12-26,26,12,4,2022,52,FY2023
1092,2022-12-27,27,12,4,2022,52,FY2023
1093,2022-12-28,28,12,4,2022,52,FY2023
1094,2022-12-29,29,12,4,2022,52,FY2023
1095,2022-12-30,30,12,4,2022,52,FY2023
1096,2022-12-31,31,12,4,2022,52,FY2023
1097,2023-01-01,1,1,1,2023,52,FY2023
1098,2023-01-02,2,1,1,2023,1,FY2023
1099,2023-01-03,3,1,1,2023,1,FY2023
1100,2023-01-04,4,1,1,2023,1,FY2023
1101,2023-01-05,5,1,1,2023,1,FY2023
1102,2023-01-06,6,1,1,2023,1,FY2023
1103,2023-01-07,7,1,1,2023,1,FY2023
1104,2023-01-08,8,1,1,2023,1,FY2023
1105,2023-01-09,9,1,1,2023,2,FY2023
1106,2023-01-10,10,1,1,2023,2,FY2023
1107,2023-01-11,11,1,1,2023,2,FY2023
1108,2023-01-12,12,1,1,2023,2,FY2023
1109,2023-01-13,13,1,1,2023,2,FY2023
1110,2023-01-14,14,1,1,2023,2,FY2023
1111,2023-01-15,15,1,1,2023,2,FY2023
1112,2023-01-16,16,1,1,2023,3,FY2023
1113,2023-01-17,17,1,1,2023,3,FY2023
1114,2023-01-18,18,1,1,2023,3,FY2023
1115,2023-01-19,19,1,1,2023,3,FY2023
1116,2023-01-20,20,1,1,2023,3,FY2023
1117,2023-01-21,21,1,1,2023,3,FY2023
1118,2023-01-22,22,1,1,2023,3,FY2023
1119,2023-01-23,23,1,1,2023,4,FY2023
1120,2023-01-24,24,1,1,2023,4,FY2023
1121,2023-01-25,25,1,1,2023,4,FY2023
1122,2023-01-26,26,1,1,2023,4,FY2023
1123,2023-01-27,27,1,1,2023,4,FY2023
1124,2023-01-28,28,1,1,2023,4,FY2023
1125,2023-01-29,29,1,1,2023,4,FY2023
1126,2023-01-30,30,1,1,2023,5,FY2023
1127,2023-01-31,31,1,1,2023,5,FY2023
1128,2023-02-01,1,2,1,2023,5,FY2023
1129,2023-02-02,2,2,1,2023,5,FY2023
1130,2023-02-03,3,2,1,2023,5,FY2023
1131,2023-02-04,4,2,1,2023,5,FY2023
1132,2023-02-05,5,2,1,2023,5,FY2023
1133,2023-02-06,6,2,1,2023,6,FY2023
1134,2023-02-07,7,2,1,2023,6,FY2023
1135,2023-02-08,8,2,1,2023,6,FY2023
1136,2023-02-09,9,2,1,2023,6,FY2023
1137,2023-02-10,10,2,1,2023,6,FY2023
1138,2023-02-11,11,2,1,2023,6,FY2023
1139,2023-02-12,12,2,1,2023,6,FY2023
1140,2023-02-13,13,2,1,2023,7,FY2023
1141,2023-02-14,14,2,1,2023,7,FY2023
1142,2023-02-15,15,2,1,2023,7,FY2023
1143,2023-02-16,16,2,1,2023,7,FY2023
1144,2023-02-17,17,2,1,2023,7,FY2023
1145,2023-02-18,18,2,1,2023,7,FY2023
1146,2023-02-19,19,2,1,2023,7,FY2023
1147,2023-02-20,20,2,1,2023,8,FY2023
1148,2023-02-21,21,2,1,2023,8,FY2023
1149,2023-02-22,22,2,1,2023,8,FY2023
1150,2023-02-23,23,2,1,2023,8,FY2023
1151,2023-02-24,24,2,1,2023,8,FY2023
1152,2023-02-25,25,2,1,2023,8,FY2023
1153,2023-02-26,26,2,1,2023,8,FY2023
1154,2023-02-27,27,2,1,2023,9,FY2023
1155,2023-02-28,28,2,1,2023,9,FY2023
1156,2023-03-01,1,3,1,2023,9,FY2023
1157,2023-03-02,2,3,1,2023,9,FY2023
1158,2023-03-03,3,3,1,2023,9,FY2023
1159,2023-03-04,4,3,1,2023,9,FY2023
1160,2023-03-05,5,3,1,2023,9,FY2023
1161,2023-03-06,6,3,1,2023,10,FY2023
1162,2023-03-07,7,3,1,2023,10,FY2023
1163,2023-03-08,8,3,1,2023,10,FY2023
1164,2023-03-09,9,3,1,2023,10,FY2023
1165,2023-03-10,10,3,1,2023,10,FY2023
1166,2023-03-11,11,3,1,2023,10,FY2023
1167,2023-03-12,12,3,1,2023,10,FY2023
1168,2023-03-13,13,3,1,2023,11,FY2023
1169,2023-03-14,14,3,1,2023,11,FY2023
1170,2023-03-15,15,3,1,2023,11,FY2023
1171,2023-03-16,16,3,1,2023,11,FY2023
1172,2023-03-17,17,3,1,2023,11,FY2023
1173,2023-03-18,18,3,1,2023,11,FY2023
1174,2023-03-19,19,3,1,2023,11,FY2023
1175,2023-03-20,20,3,1,2023,12,FY2023
1176,2023-03-21,21,3,1,2023,12,FY2023
1177,2023-03-22,22,3,1,2023,12,FY2023
1178,2023-03-23,23,3,1,2023,12,FY2023
1179,2023-03-24,24,3,1,2023,12,FY2023
1180,2023-03-25,25,3,1,2023,12,FY2023
1181,2023-03-26,26,3,1,2023,12,FY2023
1182,2023-03-27,27,3,1,2023,13,FY2023
1183,2023-03-28,28,3,1,2023,13,FY2023
1184,2023-03-29,29,3,1,2023,13,FY2023
1185,2023-03-30,30,3,1,2023,13,FY2023
1186,2023-03-31,31,3,1,2023,13,FY2023
1187,2023-04-01,1,4,2,2023,13,FY2024
1188,2023-04-02,2,4,2,2023,13,FY2024
1189,2023-04-03,3,4,2,2023,14,FY2024
1190,2023-04-04,4,4,2,2023,14,FY2024
1191,2023-04-05,5,4,2,2023,14,FY2024
1192,2023-04-06,6,4,2,2023,14,FY2024
1193,2023-04-07,7,4,2,2023,14,FY2024
1194,2023-04-08,8,4,2,2023,14,FY2024
1195,2023-04-09,9,4,2,2023,14,FY2024
1196,2023-04-10,10,4,2,2023,15,FY2024
1197,2023-04-11,11,4,2,2023,15,FY2024
1198,2023-04-12,12,4,2,2023,15,FY2024
1199,2023-04-13,13,4,2,2023,15,FY2024
1200,2023-04-14,14,4,2,2023,15,FY2024
1201,2023-04-15,15,4,2,2023,15,FY2024
1202,2023-04-16,16,4,2,2023,15,FY2024
1203,2023-04-17,17,4,2,2023,16,FY2024
1204,2023-04-18,18,4,2,2023,16,FY2024
1205,2023-04-19,19,4,2,2023,16,FY2024
1206,2023-04-20,20,4,2,2023,16,FY2024
1207,2023-04-21,21,4,2,2023,16,FY2024
1208,2023-04-22,22,4,2,2023,16,FY2024
1209,2023-04-23,23,4,2,2023,16,FY2024
1210,2023-04-24,24,4,2,2023,17,FY2024
1211,2023-04-25,25,4,2,2023,17,FY2024
1212,2023-04-26,26,4,2,2023,17,FY2024
1213,2023-04-27,27,4,2,2023,17,FY2024
1214,2023-04-28,28,4,2,2023,17,FY2024
1215,2023-04-29,29,4,2,2023,17,FY2024
1216,2023-04-30,30,4,2,2023,17,FY2024
1217,2023-05-01,1,5,2,2023,18,FY2024
1218,2023-05-02,2,5,2,2023,18,FY2024
1219,2023-05-03,3,5,2,2023,18,FY2024
1220,2023-05-04,4,5,2,2023,18,FY2024
1221,2023-05-05,5,5,2,2023,18,FY2024
1222,2023-05-06,6,5,2,2023,18,FY2024
1223,2023-05-07,7,5,2,2023,18,FY2024
1224,2023-05-08,8,5,2,2023,19,FY2024
1225,2023-05-09,9,5,2,2023,19,FY2024
1226,2023-05-10,10,5,2,2023,19,FY2024
1227,2023-05-11,11,5,2,2023,19,FY2024
1228,2023-05-12,12,5,2,2023,19,FY2024
1229,2023-05-13,13,5,2,2023,19,FY2024
1230,2023-05-14,14,5,2,2023,19,FY2024
1231,2023-05-15,15,5,2,2023,20,FY2024
1232,2023-05-16,16,5,2,2023,20,FY2024
1233,2023-05-17,17,5,2,2023,20,FY2024
1234,2023-05-18,18,5,2,2023,20,FY2024
1235,2023-05-19,19,5,2,2023,20,FY2024
1236,2023-05-20,20,5,2,2023,20,FY2024
1237,2023-05-21,21,5,2,2023,20,FY2024
1238,2023-05-22,22,5,2,2023,21,FY2024
1239,2023-05-23,23,5,2,2023,21,FY2024
1240,2023-05-24,24,5,2,2023,21,FY2024
1241,2023-05-25,25,5,2,2023,21,FY2024
1242,2023-05-26,26,5,2,2023,21,FY2024
1243,2023-05-27,27,5,2,2023,21,FY2024
1244,2023-05-28,28,5,2,2023,21,FY2024
1245,2023-05-29,29,5,2,2023,22,FY2024
1246,2023-05-30,30,5,2,2023,22,FY2024
1247,2023-05-31,31,5,2,2023,22,FY2024
1248,2023-06-01,1,6,2,2023,22,FY2024
1249,2023-06-02,2,6,2,2023,22,FY2024
1250,2023-06-03,3,6,2,2023,22,FY2024
1251,2023-06-04,4,6,2,2023,22,FY2024
1252,2023-06-05,5,6,2,2023,23,FY2024
1253,2023-06-06,6,6,2,2023,23,FY2024
1254,2023-06-07,7,6,2,2023,23,FY2024
1255,2023-06-08,8,6,2,2023,23,FY2024
1256,2023-06-09,9,6,2,2023,23,FY2024
1257,2023-06-10,10,6,2,2023,23,FY2024
1258,2023-06-11,11,6,2,2023,23,FY2024
1259,2023-06-12,12,6,2,2023,24,FY2024
1260,2023-06-13,13,6,2,2023,24,FY2024
1261,2023-06-14,14,6,2,2023,24,FY2024
1262,2023-06-15,15,6,2,2023,24,FY2024
1263,2023-06-16,16,6,2,2023,24,FY2024
1264,2023-06-17,17,6,2,2023,24,FY2024
1265,2023-06-18,18,6,2,2023,24,FY2024
1266,2023-06-19,19,6,2,2023,25,FY2024
1267,2023-06-20,20,6,2,2023,25,FY2024
1268,2023-06-21,21,6,2,2023,25,FY2024
1269,2023-06-22,22,6,2,2023,25,FY2024
1270,2023-06-23,23,6,2,2023,25,FY2024
1271,2023-06-24,24,6,2,2023,25,FY2024
1272,2023-06-25,25,6,2,2023,25,FY2024
1273,2023-06-26,26,6,2,2023,26,FY2024
1274,2023-06-27,27,6,2,2023,26,FY2024
1275,2023-06-28,28,6,2,2023,26,FY2024
1276,2023-06-29,29,6,2,2023,26,FY2024
1277,2023-06-30,30,6,2,2023,26,FY2024
1278,2023-07-01,1,7,3,2023,26,FY2024
1279,2023-07-02,2,7,3,2023,26,FY2024
1280,2023-07-03,3,7,3,2023,27,FY2024
1281,2023-07-04,4,7,3,2023,27,FY2024
1282,2023-07-05,5,7,3,2023,27,FY2024
1283,2023-07-06,6,7,3,2023,27,FY2024
1284,2023-07-07,7,7,3,2023,27,FY2024
1285,2023-07-08,8,7,3,2023,27,FY2024
1286,2023-07-09,9,7,3,2023,27,FY2024
1287,2023-07-10,10,7,3,2023,28,FY2024
1288,2023-07-11,11,7,3,2023,28,FY2024
1289,2023-07-12,12,7,3,2023,28,FY2024
1290,2023-07-13,13,7,3,2023,28,FY2024
1291,2023-07-14,14,7,3,2023,28,FY2024
1292,2023-07-15,15,7,3,2023,28,FY2024
1293,2023-07-16,16,7,3,2023,28,FY2024
1294,2023-07-17,17,7,3,2023,29,FY2024
1295,2023-07-18,18,7,3,2023,29,FY2024
1296,2023-07-19,19,7,3,2023,29,FY2024
1297,2023-07-20,20,7,3,2023,29,FY2024
1298,2023-07-21,21,7,3,2023,29,FY2024
1299,2023-07-22,22,7,3,2023,29,FY2024
1300,2023-07-23,23,7,3,2023,29,FY2024
1301,2023-07-24,24,7,3,2023,30,FY2024
1302,2023-07-25,25,7,3,2023,30,FY2024
1303,2023-07-26,26,7,3,2023,30,FY2024
1304,2023-07-27,27,7,3,2023,30,FY2024
1305,2023-07-28,28,7,3,2023,30,FY2024
1306,2023-07-29,29,7,3,2023,30,FY2024
1307,2023-07-30,30,7,3,2023,30,FY2024
1308,2023-07-31,31,7,3,2023,31,FY2024
1309,2023-08-01,1,8,3,2023,31,FY2024
1310,2023-08-02,2,8,3,2023,31,FY2024
1311,2023-08-03,3,8,3,2023,31,FY2024
1312,2023-08-04,4,8,3,2023,31,FY2024
1313,2023-08-05,5,8,3,2023,31,FY2024
1314,2023-08-06,6,8,3,2023,31,FY2024
1315,2023-08-07,7,8,3,2023,32,FY2024
1316,2023-08-08,8,8,3,2023,32,FY2024
1317,2023-08-09,9,8,3,2023,32,FY2024
1318,2023-08-10,10,8,3,2023,32,FY2024
1319,2023-08-11,11,8,3,2023,32,FY2024
1320,2023-08-12,12,8,3,2023,32,FY2024
1321,2023-08-13,13,8,3,2023,32,FY2024
1322,2023-08-14,14,8,3,2023,33,FY2024
1323,2023-08-15,15,8,3,2023,33,FY2024
1324,2023-08-16,16,8,3,2023,33,FY2024
1325,2023-08-17,17,8,3,2023,33,FY2024
1326,2023-08-18,18,8,3,2023,33,FY2024
1327,2023-08-19,19,8,3,2023,33,FY2024
1328,2023-08-20,20,8,3,2023,33,FY2024
1329,2023-08-21,21,8,3,2023,34,FY2024
1330,2023-08-22,22,8,3,2023,34,FY2024
1331,2023-08-23,23,8,3,2023,34,FY2024
1332,2023-08-24,24,8,3,2023,34,FY2024
1333,2023-08-25,25,8,3,2023,34,FY2024
1334,2023-08-26,26,8,3,2023,34,FY2024
1335,2023-08-27,27,8,3,2023,34,FY2024
1336,2023-08-28,28,8,3,2023,35,FY2024
1337,2023-08-29,29,8,3,2023,35,FY2024
1338,2023-08-30,30,8,3,2023,35,FY2024
1339,2023-08-31,31,8,3,2023,35,FY2024
1340,2023-09-01,1,9,3,2023,35,FY2024
1341,2023-09-02,2,9,3,2023,35,FY2024
1342,2023-09-03,3,9,3,2023,35,FY2024
1343,2023-09-04,4,9,3,2023,36,FY2024
1344,2023-09-05,5,9,3,2023,36,FY2024
1345,2023-09-06,6,9,3,2023,36,FY2024
1346,2023-09-07,7,9,3,2023,36,FY2024
1347,2023-09-08,8,9,3,2023,36,FY2024
1348,2023-09-09,9,9,3,2023,36,FY2024
1349,2023-09-10,10,9,3,2023,36,FY2024
1350,2023-09-11,11,9,3,2023,37,FY2024
1351,2023-09-12,12,9,3,2023,37,FY2024
1352,2023-09-13,13,9,3,2023,37,FY2024
1353,2023-09-14,14,9,3,2023,37,FY2024
1354,2023-09-15,15,9,3,2023,37,FY2024
1355,2023-09-16,16,9,3,2023,37,FY2024
1356,2023-09-17,17,9,3,2023,37,FY2024
1357,2023-09-18,18,9,3,2023,38,FY2024
1358,2023-09-19,19,9,3,2023,38,FY2024
1359,2023-09-20,20,9,3,2023,38,FY2024
1360,2023-09-21,21,9,3,2023,38,FY2024
1361,2023-09-22,22,9,3,2023,38,FY2024
1362,2023-09-23,23,9,3,2023,38,FY2024
1363,2023-09-24,24,9,3,2023,38,FY2024
1364,2023-09-25,25,9,3,2023,39,FY2024
1365,2023-09-26,26,9,3,2023,39,FY2024
1366,2023-09-27,27,9,3,2023,39,FY2024
1367,2023-09-28,28,9,3,2023,39,FY2024
1368,2023-09-29,29,9,3,2023,39,FY2024
1369,2023-09-30,30,9,3,2023,39,FY2024
1370,2023-10-01,1,10,4,2023,39,FY2024
1371,2023-10-02,2,10,4,2023,40,FY2024
1372,2023-10-03,3,10,4,2023,40,FY2024
1373,2023-10-04,4,10,4,2023,40,FY2024
1374,2023-10-05,5,10,4,2023,40,FY2024
1375,2023-10-06,6,10,4,2023,40,FY2024
1376,2023-10-07,7,10,4,2023,40,FY2024
1377,2023-10-08,8,10,4,2023,40,FY2024
1378,2023-10-09,9,10,4,2023,41,FY2024
1379,2023-10-10,10,10,4,2023,41,FY2024
1380,2023-10-11,11,10,4,2023,41,FY2024
1381,2023-10-12,12,10,4,2023,41,FY2024
1382,2023-10-13,13,10,4,2023,41,FY2024
1383,2023-10-14,14,10,4,2023,41,FY2024
1384,2023-10-15,15,10,4,2023,41,FY2024
1385,2023-10-16,16,10,4,2023,42,FY2024
1386,2023-10-17,17,10,4,2023,42,FY2024
1387,2023-10-18,18,10,4,2023,42,FY2024
1388,2023-10-19,19,10,4,2023,42,FY2024
1389,2023-10-20,20,10,4,2023,42,FY2024
1390,2023-10-21,21,10,4,2023,42,FY2024
1391,2023-10-22,22,10,4,2023,42,FY2024
1392,2023-10-23,23,10,4,2023,43,FY2024
1393,2023-10-24,24,10,4,2023,43,FY2024
1394,2023-10-25,25,10,4,2023,43,FY2024
1395,2023-10-26,26,10,4,2023,43,FY2024
1396,2023-10-27,27,10,4,2023,43,FY2024
1397,2023-10-28,28,10,4,2023,43,FY2024
1398,2023-10-29,29,10,4,2023,43,FY2024
1399,2023-10-30,30,10,4,2023,44,FY2024
1400,2023-10-31,31,10,4,2023,44,FY2024
1401,2023-11-01,1,11,4,2023,44,FY2024
1402,2023-11-02,2,11,4,2023,44,FY2024
1403,2023-11-03,3,11,4,2023,44,FY2024
1404,2023-11-04,4,11,4,2023,44,FY2024
1405,2023-11-05,5,11,4,2023,44,FY2024
1406,2023-11-06,6,11,4,2023,45,FY2024
1407,2023-11-07,7,11,4,2023,45,FY2024
1408,2023-11-08,8,11,4,2023,45,FY2024
1409,2023-11-09,9,11,4,2023,45,FY2024
1410,2023-11-10,10,11,4,2023,45,FY2024
1411,2023-11-11,11,11,4,2023,45,FY2024
1412,2023-11-12,12,11,4,2023,45,FY2024
1413,2023-11-13,13,11,4,2023,46,FY2024
1414,2023-11-14,14,11,4,2023,46,FY2024
1415,2023-11-15,15,11,4,2023,46,FY2024
1416,2023-11-16,16,11,4,2023,46,FY2024
1417,2023-11-17,17,11,4,2023,46,FY2024
1418,2023-11-18,18,11,4,2023,46,FY2024
1419,2023-11-19,19,11,4,2023,46,FY2024
1420,2023-11-20,20,11,4,2023,47,FY2024
1421,2023-11-21,21,11,4,2023,47,FY2024
1422,2023-11-22,22,11,4,2023,47,FY2024
1423,2023-11-23,23,11,4,2023,47,FY2024
1424,2023-11-24,24,11,4,2023,47,FY2024
1425,2023-11-25,25,11,4,2023,47,FY2024
1426,2023-11-26,26,11,4,2023,47,FY2024
1427,2023-11-27,27,11,4,2023,48,FY2024
1428,2023-11-28,28,11,4,2023,48,FY2024
1429,2023-11-29,29,11,4,2023,48,FY2024
1430,2023-11-30,30,11,4,2023,48,FY2024
1431,2023-12-01,1,12,4,2023,48,FY2024
1432,2023-12-02,2,12,4,2023,48,FY2024
1433,2023-12-03,3,12,4,2023,48,FY2024
1434,2023-12-04,4,12,4,2023,49,FY2024
1435,2023-12-05,5,12,4,2023,49,FY2024
1436,2023-12-06,6,12,4,2023,49,FY2024
1437,2023-12-07,7,12,4,2023,49,FY2024
1438,2023-12-08,8,12,4,2023,49,FY2024
1439,2023-12-09,9,12,4,2023,49,FY2024
1440,2023-12-10,10,12,4,2023,49,FY2024
1441,2023-12-11,11,12,4,2023,50,FY2024
1442,2023-12-12,12,12,4,2023,50,FY2024
1443,2023-12-13,13,12,4,2023,50,FY2024
1444,2023-12-14,14,12,4,2023,50,FY2024
1445,2023-12-15,15,12,4,2023,50,FY2024
1446,2023-12-16,16,12,4,2023,50,FY2024
1447,2023-12-17,17,12,4,2023,50,FY2024
1448,2023-12-18,18,12,4,2023,51,FY2024
1449,2023-12-19,19,12,4,2023,51,FY2024
1450,2023-12-20,20,12,4,2023,51,FY2024
1451,2023-12-21,21,12,4,2023,51,FY2024
1452,2023-12-22,22,12,4,2023,51,FY2024
1453,2023-12-23,23,12,4,2023,51,FY2024
1454,2023-12-24,24,12,4,2023,51,FY2024
1455,2023-12-25,25,12,4,2023,52,FY2024
1456,2023-12-26,26,12,4,2023,52,FY2024
1457,2023-12-27,27,12,4,2023,52,FY2024
1458,2023-12-28,28,12,4,2023,52,FY2024
1459,2023-12-29,29,12,4,2023,52,FY2024
1460,2023-12-30,30,12,4,2023,52,FY2024
1461,2023-12-31,31,12,4,2023,52,FY2024
1462,2024-01-01,1,1,1,2024,1,FY2024
1463,2024-01-02,2,1,1,2024,1,FY2024
1464,2024-01-03,3,1,1,2024,1,FY2024
1465,2024-01-04,4,1,1,2024,1,FY2024
1466,2024-01-05,5,1,1,2024,1,FY2024
1467,2024-01-06,6,1,1,2024,1,FY2024
1468,2024-01-07,7,1,1,2024,1,FY2024
1469,2024-01-08,8,1,1,2024,2,FY2024
1470,2024-01-09,9,1,1,2024,2,FY2024
1471,2024-01-10,10,1,1,2024,2,FY2024
1472,2024-01-11,11,1,1,2024,2,FY2024
1473,2024-01-12,12,1,1,2024,2,FY2024
1474,2024-01-13,13,1,1,2024,2,FY2024
1475,2024-01-14,14,1,1,2024,2,FY2024
1476,2024-01-15,15,1,1,2024,3,FY2024
1477,2024-01-16,16,1,1,2024,3,FY2024
1478,2024-01-17,17,1,1,2024,3,FY2024
1479,2024-01-18,18,1,1,2024,3,FY2024
1480,2024-01-19,19,1,1,2024,3,FY2024
1481,2024-01-20,20,1,1,2024,3,FY2024
1482,2024-01-21,21,1,1,2024,3,FY2024
1483,2024-01-22,22,1,1,2024,4,FY2024
1484,2024-01-23,23,1,1,2024,4,FY2024
1485,2024-01-24,24,1,1,2024,4,FY2024
1486,2024-01-25,25,1,1,2024,4,FY2024
1487,2024-01-26,26,1,1,2024,4,FY2024
1488,2024-01-27,27,1,1,2024,4,FY2024
1489,2024-01-28,28,1,1,2024,4,FY2024
1490,2024-01-29,29,1,1,2024,5,FY2024
1491,2024-01-30,30,1,1,2024,5,FY2024
1492,2024-01-31,31,1,1,2024,5,FY2024
1493,2024-02-01,1,2,1,2024,5,FY2024
1494,2024-02-02,2,2,1,2024,5,FY2024
1495,2024-02-03,3,2,1,2024,5,FY2024
1496,2024-02-04,4,2,1,2024,5,FY2024
1497,2024-02-05,5,2,1,2024,6,FY2024
1498,2024-02-06,6,2,1,2024,6,FY2024
1499,2024-02-07,7,2,1,2024,6,FY2024
1500,2024-02-08,8,2,1,2024,6,FY2024
1501,2024-02-09,9,2,1,2024,6,FY2024
1502,2024-02-10,10,2,1,2024,6,FY2024
1503,2024-02-11,11,2,1,2024,6,FY2024
1504,2024-02-12,12,2,1,2024,7,FY2024
1505,2024-02-13,13,2,1,2024,7,FY2024
1506,2024-02-14,14,2,1,2024,7,FY2024
1507,2024-02-15,15,2,1,2024,7,FY2024
1508,2024-02-16,16,2,1,2024,7,FY2024
1509,2024-02-17,17,2,1,2024,7,FY2024
1510,2024-02-18,18,2,1,2024,7,FY2024
1511,2024-02-19,19,2,1,2024,8,FY2024
1512,2024-02-20,20,2,1,2024,8,FY2024
1513,2024-02-21,21,2,1,2024,8,FY2024
1514,2024-02-22,22,2,1,2024,8,FY2024
1515,2024-02-23,23,2,1,2024,8,FY2024
1516,2024-02-24,24,2,1,2024,8,FY2024
1517,2024-02-25,25,2,1,2024,8,FY2024
1518,2024-02-26,26,2,1,2024,9,FY2024
1519,2024-02-27,27,2,1,2024,9,FY2024
1520,2024-02-28,28,2,1,2024,9,FY2024
1521,2024-02-29,29,2,1,2024,9,FY2024
1522,2024-03-01,1,3,1,2024,9,FY2024
1523,2024-03-02,2,3,1,2024,9,FY2024
1524,2024-03-03,3,3,1,2024,9,FY2024
1525,2024-03-04,4,3,1,2024,10,FY2024
1526,2024-03-05,5,3,1,2024,10,FY2024
1527,2024-03-06,6,3,1,2024,10,FY2024
1528,2024-03-07,7,3,1,2024,10,FY2024
1529,2024-03-08,8,3,1,2024,10,FY2024
1530,2024-03-09,9,3,1,2024,10,FY2024
1531,2024-03-10,10,3,1,2024,10,FY2024
1532,2024-03-11,11,3,1,2024,11,FY2024
1533,2024-03-12,12,3,1,2024,11,FY2024
1534,2024-03-13,13,3,1,2024,11,FY2024
1535,2024-03-14,14,3,1,2024,11,FY2024
1536,2024-03-15,15,3,1,2024,11,FY2024
1537,2024-03-16,16,3,1,2024,11,FY2024
1538,2024-03-17,17,3,1,2024,11,FY2024
1539,2024-03-18,18,3,1,2024,12,FY2024
1540,2024-03-19,19,3,1,2024,12,FY2024
1541,2024-03-20,20,3,1,2024,12,FY2024
1542,2024-03-21,21,3,1,2024,12,FY2024
1543,2024-03-22,22,3,1,2024,12,FY2024
1544,2024-03-23,23,3,1,2024,12,FY2024
1545,2024-03-24,24,3,1,2024,12,FY2024
1546,2024-03-25,25,3,1,2024,13,FY2024
1547,2024-03-26,26,3,1,2024,13,FY2024
1548,2024-03-27,27,3,1,2024,13,FY2024
1549,2024-03-28,28,3,1,2024,13,FY2024
1550,2024-03-29,29,3,1,2024,13,FY2024
1551,2024-03-30,30,3,1,2024,13,FY2024
1552,2024-03-31,31,3,1,2024,13,FY2024
1553,2024-04-01,1,4,2,2024,14,FY2025
1554,2024-04-02,2,4,2,2024,14,FY2025
1555,2024-04-03,3,4,2,2024,14,FY2025
1556,2024-04-04,4,4,2,2024,14,FY2025
1557,2024-04-05,5,4,2,2024,14,FY2025
1558,2024-04-06,6,4,2,2024,14,FY2025
1559,2024-04-07,7,4,2,2024,14,FY2025
1560,2024-04-08,8,4,2,2024,15,FY2025
1561,2024-04-09,9,4,2,2024,15,FY2025
1562,2024-04-10,10,4,2,2024,15,FY2025
1563,2024-04-11,11,4,2,2024,15,FY2025
1564,2024-04-12,12,4,2,2024,15,FY2025
1565,2024-04-13,13,4,2,2024,15,FY2025
1566,2024-04-14,14,4,2,2024,15,FY2025
1567,2024-04-15,15,4,2,2024,16,FY2025
1568,2024-04-16,16,4,2,2024,16,FY2025
1569,2024-04-17,17,4,2,2024,16,FY2025
1570,2024-04-18,18,4,2,2024,16,FY2025
1571,2024-04-19,19,4,2,2024,16,FY2025
1572,2024-04-20,20,4,2,2024,16,FY2025
1573,2024-04-21,21,4,2,2024,16,FY2025
1574,2024-04-22,22,4,2,2024,17,FY2025
1575,2024-04-23,23,4,2,2024,17,FY2025
1576,2024-04-24,24,4,2,2024,17,FY2025
1577,2024-04-25,25,4,2,2024,17,FY2025
1578,2024-04-26,26,4,2,2024,17,FY2025
1579,2024-04-27,27,4,2,2024,17,FY2025
1580,2024-04-28,28,4,2,2024,17,FY2025
1581,2024-04-29,29,4,2,2024,18,FY2025
1582,2024-04-30,30,4,2,2024,18,FY2025
1583,2024-05-01,1,5,2,2024,18,FY2025
1584,2024-05-02,2,5,2,2024,18,FY2025
1585,2024-05-03,3,5,2,2024,18,FY2025
1586,2024-05-04,4,5,2,2024,18,FY2025
1587,2024-05-05,5,5,2,2024,18,FY2025
1588,2024-05-06,6,5,2,2024,19,FY2025
1589,2024-05-07,7,5,2,2024,19,FY2025
1590,2024-05-08,8,5,2,2024,19,FY2025
1591,2024-05-09,9,5,2,2024,19,FY2025
1592,2024-05-10,10,5,2,2024,19,FY2025
1593,2024-05-11,11,5,2,2024,19,FY2025
1594,2024-05-12,12,5,2,2024,19,FY2025
1595,2024-05-13,13,5,2,2024,20,FY2025
1596,2024-05-14,14,5,2,2024,20,FY2025
1597,2024-05-15,15,5,2,2024,20,FY2025
1598,2024-05-16,16,5,2,2024,20,FY2025
1599,2024-05-17,17,5,2,2024,20,FY2025
1600,2024-05-18,18,5,2,2024,20,FY2025
1601,2024-05-19,19,5,2,2024,20,FY2025
1602,2024-05-20,20,5,2,2024,21,FY2025
1603,2024-05-21,21,5,2,2024,21,FY2025
1604,2024-05-22,22,5,2,2024,21,FY2025
1605,2024-05-23,23,5,2,2024,21,FY2025
1606,2024-05-24,24,5,2,2024,21,FY2025
1607,2024-05-25,25,5,2,2024,21,FY2025
1608,2024-05-26,26,5,2,2024,21,FY2025
1609,2024-05-27,27,5,2,2024,22,FY2025
1610,2024-05-28,28,5,2,2024,22,FY2025
1611,2024-05-29,29,5,2,2024,22,FY2025
1612,2024-05-30,30,5,2,2024,22,FY2025
1613,2024-05-31,31,5,2,2024,22,FY2025
1614,2024-06-01,1,6,2,2024,22,FY2025
1615,2024-06-02,2,6,2,2024,22,FY2025
1616,2024-06-03,3,6,2,2024,23,FY2025
1617,2024-06-04,4,6,2,2024,23,FY2025
1618,2024-06-05,5,6,2,2024,23,FY2025
1619,2024-06-06,6,6,2,2024,23,FY2025
1620,2024-06-07,7,6,2,2024,23,FY2025
1621,2024-06-08,8,6,2,2024,23,FY2025
1622,2024-06-09,9,6,2,2024,23,FY2025
1623,2024-06-10,10,6,2,2024,24,FY2025
1624,2024-06-11,11,6,2,2024,24,FY2025
1625,2024-06-12,12,6,2,2024,24,FY2025
1626,2024-06-13,13,6,2,2024,24,FY2025
1627,2024-06-14,14,6,2,2024,24,FY2025
1628,2024-06-15,15,6,2,2024,24,FY2025
1629,2024-06-16,16,6,2,2024,24,FY2025
1630,2024-06-17,17,6,2,2024,25,FY2025
1631,2024-06-18,18,6,2,2024,25,FY2025
1632,2024-06-19,19,6,2,2024,25,FY2025
1633,2024-06-20,20,6,2,2024,25,FY2025
1634,2024-06-21,21,6,2,2024,25,FY2025
1635,2024-06-22,22,6,2,2024,25,FY2025
1636,2024-06-23,23,6,2,2024,25,FY2025
1637,2024-06-24,24,6,2,2024,26,FY2025
1638,2024-06-25,25,6,2,2024,26,FY2025
1639,2024-06-26,26,6,2,2024,26,FY2025
1640,2024-06-27,27,6,2,2024,26,FY2025
1641,2024-06-28,28,6,2,2024,26,FY2025
1642,2024-06-29,29,6,2,2024,26,FY2025
1643,2024-06-30,30,6,2,2024,26,FY2025
1644,2024-07-01,1,7,3,2024,27,FY2025
1645,2024-07-02,2,7,3,2024,27,FY2025
1646,2024-07-03,3,7,3,2024,27,FY2025
1647,2024-07-04,4,7,3,2024,27,FY2025
1648,2024-07-05,5,7,3,2024,27,FY2025
1649,2024-07-06,6,7,3,2024,27,FY2025
1650,2024-07-07,7,7,3,2024,27,FY2025
1651,2024-07-08,8,7,3,2024,28,FY2025
1652,2024-07-09,9,7,3,2024,28,FY2025
1653,2024-07-10,10,7,3,2024,28,FY2025
1654,2024-07-11,11,7,3,2024,28,FY2025
1655,2024-07-12,12,7,3,2024,28,FY2025
1656,2024-07-13,13,7,3,2024,28,FY2025
1657,2024-07-14,14,7,3,2024,28,FY2025
1658,2024-07-15,15,7,3,2024,29,FY2025
1659,2024-07-16,16,7,3,2024,29,FY2025
1660,2024-07-17,17,7,3,2024,29,FY2025
1661,2024-07-18,18,7,3,2024,29,FY2025
1662,2024-07-19,19,7,3,2024,29,FY2025
1663,2024-07-20,20,7,3,2024,29,FY2025
1664,2024-07-21,21,7,3,2024,29,FY2025
1665,2024-07-22,22,7,3,2024,30,FY2025
1666,2024-07-23,23,7,3,2024,30,FY2025
1667,2024-07-24,24,7,3,2024,30,FY2025
1668,2024-07-25,25,7,3,2024,30,FY2025
1669,2024-07-26,26,7,3,2024,30,FY2025
1670,2024-07-27,27,7,3,2024,30,FY2025
1671,2024-07-28,28,7,3,2024,30,FY2025
1672,2024-07-29,29,7,3,2024,31,FY2025
1673,2024-07-30,30,7,3,2024,31,FY2025
1674,2024-07-31,31,7,3,2024,31,FY2025
1675,2024-08-01,1,8,3,2024,31,FY2025
1676,2024-08-02,2,8,3,2024,31,FY2025
1677,2024-08-03,3,8,3,2024,31,FY2025
1678,2024-08-04,4,8,3,2024,31,FY2025
1679,2024-08-05,5,8,3,2024,32,FY2025
1680,2024-08-06,6,8,3,2024,32,FY2025
1681,2024-08-07,7,8,3,2024,32,FY2025
1682,2024-08-08,8,8,3,2024,32,FY2025
1683,2024-08-09,9,8,3,2024,32,FY2025
1684,2024-08-10,10,8,3,2024,32,FY2025
1685,2024-08-11,11,8,3,2024,32,FY2025
1686,2024-08-12,12,8,3,2024,33,FY2025
1687,2024-08-13,13,8,3,2024,33,FY2025
1688,2024-08-14,14,8,3,2024,33,FY2025
1689,2024-08-15,15,8,3,2024,33,FY2025
1690,2024-08-16,16,8,3,2024,33,FY2025
1691,2024-08-17,17,8,3,2024,33,FY2025
1692,2024-08-18,18,8,3,2024,33,FY2025
1693,2024-08-19,19,8,3,2024,34,FY2025
1694,2024-08-20,20,8,3,2024,34,FY2025
1695,2024-08-21,21,8,3,2024,34,FY2025
1696,2024-08-22,22,8,3,2024,34,FY2025
1697,2024-08-23,23,8,3,2024,34,FY2025
1698,2024-08-24,24,8,3,2024,34,FY2025
1699,2024-08-25,25,8,3,2024,34,FY2025
1700,2024-08-26,26,8,3,2024,35,FY2025
1701,2024-08-27,27,8,3,2024,35,FY2025
1702,2024-08-28,28,8,3,2024,35,FY2025
1703,2024-08-29,29,8,3,2024,35,FY2025
1704,2024-08-30,30,8,3,2024,35,FY2025
1705,2024-08-31,31,8,3,2024,35,FY2025
1706,2024-09-01,1,9,3,2024,35,FY2025
1707,2024-09-02,2,9,3,2024,36,FY2025
1708,2024-09-03,3,9,3,2024,36,FY2025
1709,2024-09-04,4,9,3,2024,36,FY2025
1710,2024-09-05,5,9,3,2024,36,FY2025
1711,2024-09-06,6,9,3,2024,36,FY2025
1712,2024-09-07,7,9,3,2024,36,FY2025
1713,2024-09-08,8,9,3,2024,36,FY2025
1714,2024-09-09,9,9,3,2024,37,FY2025
1715,2024-09-10,10,9,3,2024,37,FY2025
1716,2024-09-11,11,9,3,2024,37,FY2025
1717,2024-09-12,12,9,3,2024,37,FY2025
1718,2024-09-13,13,9,3,2024,37,FY2025
1719,2024-09-14,14,9,3,2024,37,FY2025
1720,2024-09-15,15,9,3,2024,37,FY2025
1721,2024-09-16,16,9,3,2024,38,FY2025
1722,2024-09-17,17,9,3,2024,38,FY2025
1723,2024-09-18,18,9,3,2024,38,FY2025
1724,2024-09-19,19,9,3,2024,38,FY2025
1725,2024-09-20,20,9,3,2024,38,FY2025
1726,2024-09-21,21,9,3,2024,38,FY2025
1727,2024-09-22,22,9,3,2024,38,FY2025
1728,2024-09-23,23,9,3,2024,39,FY2025
1729,2024-09-24,24,9,3,2024,39,FY2025
1730,2024-09-25,25,9,3,2024,39,FY2025
1731,2024-09-26,26,9,3,2024,39,FY2025
1732,2024-09-27,27,9,3,2024,39,FY2025
1733,2024-09-28,28,9,3,2024,39,FY2025
1734,2024-09-29,29,9,3,2024,39,FY2025
1735,2024-09-30,30,9,3,2024,40,FY2025
1736,2024-10-01,1,10,4,2024,40,FY2025
1737,2024-10-02,2,10,4,2024,40,FY2025
1738,2024-10-03,3,10,4,2024,40,FY2025
1739,2024-10-04,4,10,4,2024,40,FY2025
1740,2024-10-05,5,10,4,2024,40,FY2025
1741,2024-10-06,6,10,4,2024,40,FY2025
1742,2024-10-07,7,10,4,2024,41,FY2025
1743,2024-10-08,8,10,4,2024,41,FY2025
1744,2024-10-09,9,10,4,2024,41,FY2025
1745,2024-10-10,10,10,4,2024,41,FY2025
1746,2024-10-11,11,10,4,2024,41,FY2025
1747,2024-10-12,12,10,4,2024,41,FY2025
1748,2024-10-13,13,10,4,2024,41,FY2025
1749,2024-10-14,14,10,4,2024,42,FY2025
1750,2024-10-15,15,10,4,2024,42,FY2025
1751,2024-10-16,16,10,4,2024,42,FY2025
1752,2024-10-17,17,10,4,2024,42,FY2025
1753,2024-10-18,18,10,4,2024,42,FY2025
1754,2024-10-19,19,10,4,2024,42,FY2025
1755,2024-10-20,20,10,4,2024,42,FY2025
1756,2024-10-21,21,10,4,2024,43,FY2025
1757,2024-10-22,22,10,4,2024,43,FY2025
1758,2024-10-23,23,10,4,2024,43,FY2025
1759,2024-10-24,24,10,4,2024,43,FY2025
1760,2024-10-25,25,10,4,2024,43,FY2025
1761,2024-10-26,26,10,4,2024,43,FY2025
1762,2024-10-27,27,10,4,2024,43,FY2025
1763,2024-10-28,28,10,4,2024,44,FY2025
1764,2024-10-29,29,10,4,2024,44,FY2025
1765,2024-10-30,30,10,4,2024,44,FY2025
1766,2024-10-31,31,10,4,2024,44,FY2025
1767,2024-11-01,1,11,4,2024,44,FY2025
1768,2024-11-02,2,11,4,2024,44,FY2025
1769,2024-11-03,3,11,4,2024,44,FY2025
1770,2024-11-04,4,11,4,2024,45,FY2025
1771,2024-11-05,5,11,4,2024,45,FY2025
1772,2024-11-06,6,11,4,2024,45,FY2025
1773,2024-11-07,7,11,4,2024,45,FY2025
1774,2024-11-08,8,11,4,2024,45,FY2025
1775,2024-11-09,9,11,4,2024,45,FY2025
1776,2024-11-10,10,11,4,2024,45,FY2025
1777,2024-11-11,11,11,4,2024,46,FY2025
1778,2024-11-12,12,11,4,2024,46,FY2025
1779,2024-11-13,13,11,4,2024,46,FY2025
1780,2024-11-14,14,11,4,2024,46,FY2025
1781,2024-11-15,15,11,4,2024,46,FY2025
1782,2024-11-16,16,11,4,2024,46,FY2025
1783,2024-11-17,17,11,4,2024,46,FY2025
1784,2024-11-18,18,11,4,2024,47,FY2025
1785,2024-11-19,19,11,4,2024,47,FY2025
1786,2024-11-20,20,11,4,2024,47,FY2025
1787,2024-11-21,21,11,4,2024,47,FY2025
1788,2024-11-22,22,11,4,2024,47,FY2025
1789,2024-11-23,23,11,4,2024,47,FY2025
1790,2024-11-24,24,11,4,2024,47,FY2025
1791,2024-11-25,25,11,4,2024,48,FY2025
1792,2024-11-26,26,11,4,2024,48,FY2025
1793,2024-11-27,27,11,4,2024,48,FY2025
1794,2024-11-28,28,11,4,2024,48,FY2025
1795,2024-11-29,29,11,4,2024,48,FY2025
1796,2024-11-30,30,11,4,2024,48,FY2025
1797,2024-12-01,1,12,4,2024,48,FY2025
1798,2024-12-02,2,12,4,2024,49,FY2025
1799,2024-12-03,3,12,4,2024,49,FY2025
1800,2024-12-04,4,12,4,2024,49,FY2025
1801,2024-12-05,5,12,4,2024,49,FY2025
1802,2024-12-06,6,12,4,2024,49,FY2025
1803,2024-12-07,7,12,4,2024,49,FY2025
1804,2024-12-08,8,12,4,2024,49,FY2025
1805,2024-12-09,9,12,4,2024,50,FY2025
1806,2024-12-10,10,12,4,2024,50,FY2025
1807,2024-12-11,11,12,4,2024,50,FY2025
1808,2024-12-12,12,12,4,2024,50,FY2025
1809,2024-12-13,13,12,4,2024,50,FY2025
1810,2024-12-14,14,12,4,2024,50,FY2025
1811,2024-12-15,15,12,4,2024,50,FY2025
1812,2024-12-16,16,12,4,2024,51,FY2025
1813,2024-12-17,17,12,4,2024,51,FY2025
1814,2024-12-18,18,12,4,2024,51,FY2025
1815,2024-12-19,19,12,4,2024,51,FY2025
1816,2024-12-20,20,12,4,2024,51,FY2025
1817,2024-12-21,21,12,4,2024,51,FY2025
1818,2024-12-22,22,12,4,2024,51,FY2025
1819,2024-12-23,23,12,4,2024,52,FY2025
1820,2024-12-24,24,12,4,2024,52,FY2025
1821,2024-12-25,25,12,4,2024,52,FY2025
1822,2024-12-26,26,12,4,2024,52,FY2025
1823,2024-12-27,27,12,4,2024,52,FY2025
1824,2024-12-28,28,12,4,2024,52,FY2025
1825,2024-12-29,29,12,4,2024,52,FY2025
1826,2024-12-30,30,12,4,2024,1,FY2025
1827,2024-12-31,31,12,4,2024,1,FY2025
